[
    {
        "ID": "1",
        "TIMESTAMP": "0",
        "FECHA": "14/05/2025",
        "HORA": "00:00:00",
        "HORA_PC": "01:47:54",
        "EVENTO": "INFO",
        "DESCRIPCION": "Inicio de simulacion",
        "TOTAL": "3",
        "LED1": "OFF",
        "LED2": "OFF",
        "LED3": "OFF"
    },
    {
        "ID": "2",
        "TIMESTAMP": "2104",
        "FECHA": "14/05/2025",
        "HORA": "00:00:02",
        "HORA_PC": "01:47:56",
        "EVENTO": "SALIDA",
        "DESCRIPCION": "SALE PERSONA",
        "TOTAL": "2",
        "LED1": "ON",
        "LED2": "OFF",
        "LED3": "OFF"
    },
    {
        "ID": "3",
        "TIMESTAMP": "60208",
        "FECHA": "14/05/2025",
        "HORA": "00:01:00",
        "HORA_PC": "01:48:52",
        "EVENTO": "ERROR",
        "DESCRIPCION": "NO SE DETECTO SEGUNDO SENSOR",
        "TOTAL": "2",
        "LED1": "ON",
        "LED2": "OFF",
        "LED3": "OFF"
    },
    {
        "ID": "1",
        "TIMESTAMP": "0",
        "FECHA": "14/05/2025",
        "HORA": "00:00:00",
        "HORA_PC": "01:49:08",
        "EVENTO": "INFO",
        "DESCRIPCION": "Inicio de simulacion",
        "TOTAL": "3",
        "LED1": "OFF",
        "LED2": "OFF",
        "LED3": "OFF"
    },
    {
        "ID": "2",
        "TIMESTAMP": "6105",
        "FECHA": "14/05/2025",
        "HORA": "00:00:06",
        "HORA_PC": "01:49:12",
        "EVENTO": "ERROR",
        "DESCRIPCION": "NO SE DETECTO SEGUNDO SENSOR",
        "TOTAL": "3",
        "LED1": "ON",
        "LED2": "OFF",
        "LED3": "OFF"
    },
    {
        "ID": "3",
        "TIMESTAMP": "10221",
        "FECHA": "14/05/2025",
        "HORA": "00:00:10",
        "HORA_PC": "01:49:16",
        "EVENTO": "ENTRADA",
        "DESCRIPCION": "ENTRA PERSONA",
        "TOTAL": "4",
        "LED1": "ON",
        "LED2": "OFF",
        "LED3": "OFF"
    },
    {
        "ID": "4",
        "TIMESTAMP": "13325",
        "FECHA": "14/05/2025",
        "HORA": "00:00:13",
        "HORA_PC": "01:49:20",
        "EVENTO": "ENTRADA",
        "DESCRIPCION": "ENTRA PERSONA",
        "TOTAL": "5",
        "LED1": "ON",
        "LED2": "ON",
        "LED3": "OFF"
    },
    {
        "ID": "5",
        "TIMESTAMP": "17428",
        "FECHA": "14/05/2025",
        "HORA": "00:00:17",
        "HORA_PC": "01:49:24",
        "EVENTO": "SALIDA",
        "DESCRIPCION": "SALE PERSONA",
        "TOTAL": "4",
        "LED1": "ON",
        "LED2": "ON",
        "LED3": "OFF"
    },
    {
        "ID": "6",
        "TIMESTAMP": "21529",
        "FECHA": "14/05/2025",
        "HORA": "00:00:21",
        "HORA_PC": "01:49:28",
        "EVENTO": "SALIDA",
        "DESCRIPCION": "SALE PERSONA",
        "TOTAL": "3",
        "LED1": "ON",
        "LED2": "ON",
        "LED3": "OFF"
    },
    {
        "ID": "7",
        "TIMESTAMP": "25630",
        "FECHA": "14/05/2025",
        "HORA": "00:00:25",
        "HORA_PC": "01:49:32",
        "EVENTO": "SALIDA",
        "DESCRIPCION": "SALE PERSONA",
        "TOTAL": "2",
        "LED1": "ON",
        "LED2": "OFF",
        "LED3": "OFF"
    },
    {
        "ID": "8",
        "TIMESTAMP": "28733",
        "FECHA": "14/05/2025",
        "HORA": "00:00:28",
        "HORA_PC": "01:49:36",
        "EVENTO": "SALIDA",
        "DESCRIPCION": "SALE PERSONA",
        "TOTAL": "1",
        "LED1": "ON",
        "LED2": "OFF",
        "LED3": "OFF"
    },
    {
        "ID": "9",
        "TIMESTAMP": "33835",
        "FECHA": "14/05/2025",
        "HORA": "00:00:33",
        "HORA_PC": "01:49:40",
        "EVENTO": "SALIDA",
        "DESCRIPCION": "SALE PERSONA",
        "TOTAL": "0",
        "LED1": "ON",
        "LED2": "OFF",
        "LED3": "OFF"
    },
    {
        "ID": "10",
        "TIMESTAMP": "36937",
        "FECHA": "14/05/2025",
        "HORA": "00:00:36",
        "HORA_PC": "01:49:44",
        "EVENTO": "ENTRADA",
        "DESCRIPCION": "ENTRA PERSONA",
        "TOTAL": "1",
        "LED1": "OFF",
        "LED2": "OFF",
        "LED3": "OFF"
    },
    {
        "ID": "11",
        "TIMESTAMP": "43043",
        "FECHA": "14/05/2025",
        "HORA": "00:00:43",
        "HORA_PC": "01:49:50",
        "EVENTO": "ERROR",
        "DESCRIPCION": "NO SE DETECTO SEGUNDO SENSOR",
        "TOTAL": "1",
        "LED1": "ON",
        "LED2": "OFF",
        "LED3": "OFF"
    },
    {
        "ID": "12",
        "TIMESTAMP": "47162",
        "FECHA": "14/05/2025",
        "HORA": "00:00:47",
        "HORA_PC": "01:49:54",
        "EVENTO": "ERROR",
        "DESCRIPCION": "NO SE DETECTO SEGUNDO SENSOR",
        "TOTAL": "1",
        "LED1": "ON",
        "LED2": "OFF",
        "LED3": "OFF"
    },
    {
        "ID": "13",
        "TIMESTAMP": "51280",
        "FECHA": "14/05/2025",
        "HORA": "00:00:51",
        "HORA_PC": "01:49:58",
        "EVENTO": "ERROR",
        "DESCRIPCION": "NO SE DETECTO SEGUNDO SENSOR",
        "TOTAL": "1",
        "LED1": "ON",
        "LED2": "OFF",
        "LED3": "OFF"
    },
    {
        "ID": "14",
        "TIMESTAMP": "55399",
        "FECHA": "14/05/2025",
        "HORA": "00:00:55",
        "HORA_PC": "01:50:02",
        "EVENTO": "ERROR",
        "DESCRIPCION": "NO SE DETECTO SEGUNDO SENSOR",
        "TOTAL": "1",
        "LED1": "ON",
        "LED2": "OFF",
        "LED3": "OFF"
    },
    {
        "ID": "15",
        "TIMESTAMP": "58518",
        "FECHA": "14/05/2025",
        "HORA": "00:00:58",
        "HORA_PC": "01:50:06",
        "EVENTO": "ERROR",
        "DESCRIPCION": "NO SE DETECTO SEGUNDO SENSOR",
        "TOTAL": "1",
        "LED1": "ON",
        "LED2": "OFF",
        "LED3": "OFF"
    },
    {
        "ID": "16",
        "TIMESTAMP": "60637",
        "FECHA": "14/05/2025",
        "HORA": "00:01:00",
        "HORA_PC": "01:50:08",
        "EVENTO": "SALIDA",
        "DESCRIPCION": "SALE PERSONA",
        "TOTAL": "0",
        "LED1": "ON",
        "LED2": "OFF",
        "LED3": "OFF"
    },
    {
        "ID": "17",
        "TIMESTAMP": "64740",
        "FECHA": "14/05/2025",
        "HORA": "00:01:04",
        "HORA_PC": "01:50:12",
        "EVENTO": "ERROR",
        "DESCRIPCION": "NO SE DETECTO SEGUNDO SENSOR",
        "TOTAL": "0",
        "LED1": "OFF",
        "LED2": "OFF",
        "LED3": "OFF"
    },
    {
        "ID": "18",
        "TIMESTAMP": "68859",
        "FECHA": "14/05/2025",
        "HORA": "00:01:08",
        "HORA_PC": "01:50:16",
        "EVENTO": "SALIDA",
        "DESCRIPCION": "SALE PERSONA",
        "TOTAL": "0",
        "LED1": "OFF",
        "LED2": "OFF",
        "LED3": "OFF"
    },
    {
        "ID": "19",
        "TIMESTAMP": "74963",
        "FECHA": "14/05/2025",
        "HORA": "00:01:14",
        "HORA_PC": "01:51:39",
        "EVENTO": "ERROR",
        "DESCRIPCION": "NO SE DETECTO SEGUNDO SENSOR",
        "TOTAL": "0",
        "LED1": "OFF",
        "LED2": "OFF",
        "LED3": "OFF"
    },
    {
        "ID": "20",
        "TIMESTAMP": "79083",
        "FECHA": "14/05/2025",
        "HORA": "00:01:19",
        "HORA_PC": "01:51:41",
        "EVENTO": "SALIDA",
        "DESCRIPCION": "SALE PERSONA",
        "TOTAL": "0",
        "LED1": "OFF",
        "LED2": "OFF",
        "LED3": "OFF"
    },
    {
        "ID": "21",
        "TIMESTAMP": "83187",
        "FECHA": "14/05/2025",
        "HORA": "00:01:23",
        "HORA_PC": "01:51:43",
        "EVENTO": "SALIDA",
        "DESCRIPCION": "SALE PERSONA",
        "TOTAL": "0",
        "LED1": "OFF",
        "LED2": "OFF",
        "LED3": "OFF"
    },
    {
        "ID": "22",
        "TIMESTAMP": "87291",
        "FECHA": "14/05/2025",
        "HORA": "00:01:27",
        "HORA_PC": "01:51:45",
        "EVENTO": "SALIDA",
        "DESCRIPCION": "SALE PERSONA",
        "TOTAL": "0",
        "LED1": "OFF",
        "LED2": "OFF",
        "LED3": "OFF"
    },
    {
        "ID": "23",
        "TIMESTAMP": "90396",
        "FECHA": "14/05/2025",
        "HORA": "00:01:30",
        "HORA_PC": "01:51:47",
        "EVENTO": "SALIDA",
        "DESCRIPCION": "SALE PERSONA",
        "TOTAL": "0",
        "LED1": "OFF",
        "LED2": "OFF",
        "LED3": "OFF"
    },
    {
        "ID": "24",
        "TIMESTAMP": "95500",
        "FECHA": "14/05/2025",
        "HORA": "00:01:35",
        "HORA_PC": "01:51:49",
        "EVENTO": "SALIDA",
        "DESCRIPCION": "SALE PERSONA",
        "TOTAL": "0",
        "LED1": "OFF",
        "LED2": "OFF",
        "LED3": "OFF"
    },
    {
        "ID": "25",
        "TIMESTAMP": "102604",
        "FECHA": "14/05/2025",
        "HORA": "00:01:42",
        "HORA_PC": "01:51:51",
        "EVENTO": "ERROR",
        "DESCRIPCION": "NO SE DETECTO SEGUNDO SENSOR",
        "TOTAL": "0",
        "LED1": "OFF",
        "LED2": "OFF",
        "LED3": "OFF"
    },
    {
        "ID": "26",
        "TIMESTAMP": "106725",
        "FECHA": "14/05/2025",
        "HORA": "00:01:46",
        "HORA_PC": "01:51:53",
        "EVENTO": "ERROR",
        "DESCRIPCION": "NO SE DETECTO SEGUNDO SENSOR",
        "TOTAL": "0",
        "LED1": "OFF",
        "LED2": "OFF",
        "LED3": "OFF"
    },
    {
        "ID": "27",
        "TIMESTAMP": "109846",
        "FECHA": "14/05/2025",
        "HORA": "00:01:49",
        "HORA_PC": "01:51:55",
        "EVENTO": "ERROR",
        "DESCRIPCION": "NO SE DETECTO SEGUNDO SENSOR",
        "TOTAL": "0",
        "LED1": "OFF",
        "LED2": "OFF",
        "LED3": "OFF"
    },
    {
        "ID": "28",
        "TIMESTAMP": "111967",
        "FECHA": "14/05/2025",
        "HORA": "00:01:51",
        "HORA_PC": "01:51:57",
        "EVENTO": "SALIDA",
        "DESCRIPCION": "SALE PERSONA",
        "TOTAL": "0",
        "LED1": "OFF",
        "LED2": "OFF",
        "LED3": "OFF"
    },
    {
        "ID": "29",
        "TIMESTAMP": "116072",
        "FECHA": "14/05/2025",
        "HORA": "00:01:56",
        "HORA_PC": "01:51:59",
        "EVENTO": "SALIDA",
        "DESCRIPCION": "SALE PERSONA",
        "TOTAL": "0",
        "LED1": "OFF",
        "LED2": "OFF",
        "LED3": "OFF"
    },
    {
        "ID": "30",
        "TIMESTAMP": "122177",
        "FECHA": "14/05/2025",
        "HORA": "00:02:02",
        "HORA_PC": "01:52:01",
        "EVENTO": "ERROR",
        "DESCRIPCION": "NO SE DETECTO SEGUNDO SENSOR",
        "TOTAL": "0",
        "LED1": "OFF",
        "LED2": "OFF",
        "LED3": "OFF"
    },
    {
        "ID": "31",
        "TIMESTAMP": "126298",
        "FECHA": "14/05/2025",
        "HORA": "00:02:06",
        "HORA_PC": "01:52:03",
        "EVENTO": "ERROR",
        "DESCRIPCION": "NO SE DETECTO SEGUNDO SENSOR",
        "TOTAL": "0",
        "LED1": "OFF",
        "LED2": "OFF",
        "LED3": "OFF"
    },
    {
        "ID": "32",
        "TIMESTAMP": "128418",
        "FECHA": "14/05/2025",
        "HORA": "00:02:08",
        "HORA_PC": "01:52:05",
        "EVENTO": "SALIDA",
        "DESCRIPCION": "SALE PERSONA",
        "TOTAL": "0",
        "LED1": "OFF",
        "LED2": "OFF",
        "LED3": "OFF"
    },
    {
        "ID": "33",
        "TIMESTAMP": "133524",
        "FECHA": "14/05/2025",
        "HORA": "00:02:13",
        "HORA_PC": "01:52:07",
        "EVENTO": "ERROR",
        "DESCRIPCION": "NO SE DETECTO SEGUNDO SENSOR",
        "TOTAL": "0",
        "LED1": "OFF",
        "LED2": "OFF",
        "LED3": "OFF"
    },
    {
        "ID": "34",
        "TIMESTAMP": "136644",
        "FECHA": "14/05/2025",
        "HORA": "00:02:16",
        "HORA_PC": "01:52:09",
        "EVENTO": "ENTRADA",
        "DESCRIPCION": "ENTRA PERSONA",
        "TOTAL": "1",
        "LED1": "OFF",
        "LED2": "OFF",
        "LED3": "OFF"
    },
    {
        "ID": "35",
        "TIMESTAMP": "141752",
        "FECHA": "14/05/2025",
        "HORA": "00:02:21",
        "HORA_PC": "01:52:11",
        "EVENTO": "ERROR",
        "DESCRIPCION": "NO SE DETECTO SEGUNDO SENSOR",
        "TOTAL": "1",
        "LED1": "ON",
        "LED2": "OFF",
        "LED3": "OFF"
    },
    {
        "ID": "36",
        "TIMESTAMP": "145871",
        "FECHA": "14/05/2025",
        "HORA": "00:02:25",
        "HORA_PC": "01:52:13",
        "EVENTO": "SALIDA",
        "DESCRIPCION": "SALE PERSONA",
        "TOTAL": "0",
        "LED1": "ON",
        "LED2": "OFF",
        "LED3": "OFF"
    },
    {
        "ID": "37",
        "TIMESTAMP": "149976",
        "FECHA": "14/05/2025",
        "HORA": "00:02:29",
        "HORA_PC": "01:52:15",
        "EVENTO": "SALIDA",
        "DESCRIPCION": "SALE PERSONA",
        "TOTAL": "0",
        "LED1": "OFF",
        "LED2": "OFF",
        "LED3": "OFF"
    },
    {
        "ID": "38",
        "TIMESTAMP": "159081",
        "FECHA": "14/05/2025",
        "HORA": "00:02:39",
        "HORA_PC": "01:52:17",
        "EVENTO": "ENTRADA",
        "DESCRIPCION": "ENTRA PERSONA",
        "TOTAL": "1",
        "LED1": "OFF",
        "LED2": "OFF",
        "LED3": "OFF"
    },
    {
        "ID": "39",
        "TIMESTAMP": "162189",
        "FECHA": "14/05/2025",
        "HORA": "00:02:42",
        "HORA_PC": "01:52:19",
        "EVENTO": "ENTRADA",
        "DESCRIPCION": "ENTRA PERSONA",
        "TOTAL": "2",
        "LED1": "ON",
        "LED2": "OFF",
        "LED3": "OFF"
    },
    {
        "ID": "40",
        "TIMESTAMP": "168295",
        "FECHA": "14/05/2025",
        "HORA": "00:02:48",
        "HORA_PC": "01:52:21",
        "EVENTO": "ERROR",
        "DESCRIPCION": "NO SE DETECTO SEGUNDO SENSOR",
        "TOTAL": "2",
        "LED1": "ON",
        "LED2": "OFF",
        "LED3": "OFF"
    },
    {
        "ID": "1",
        "TIMESTAMP": "0",
        "FECHA": "14/05/2025",
        "HORA": "00:00:00",
        "HORA_PC": "01:54:27",
        "EVENTO": "INFO",
        "DESCRIPCION": "Inicio de simulacion",
        "TOTAL": "3",
        "LED1": "OFF",
        "LED2": "OFF",
        "LED3": "OFF"
    },
    {
        "ID": "2",
        "TIMESTAMP": "11105",
        "FECHA": "14/05/2025",
        "HORA": "00:00:11",
        "HORA_PC": "01:54:33",
        "EVENTO": "SALIDA",
        "DESCRIPCION": "SALE PERSONA",
        "TOTAL": "2",
        "LED1": "ON",
        "LED2": "OFF",
        "LED3": "OFF"
    },
    {
        "ID": "3",
        "TIMESTAMP": "15207",
        "FECHA": "14/05/2025",
        "HORA": "00:00:15",
        "HORA_PC": "01:54:37",
        "EVENTO": "SALIDA",
        "DESCRIPCION": "SALE PERSONA",
        "TOTAL": "1",
        "LED1": "ON",
        "LED2": "OFF",
        "LED3": "OFF"
    },
    {
        "ID": "4",
        "TIMESTAMP": "22309",
        "FECHA": "14/05/2025",
        "HORA": "00:00:22",
        "HORA_PC": "01:54:45",
        "EVENTO": "ENTRADA",
        "DESCRIPCION": "ENTRA PERSONA",
        "TOTAL": "2",
        "LED1": "ON",
        "LED2": "OFF",
        "LED3": "OFF"
    },
    {
        "ID": "5",
        "TIMESTAMP": "27413",
        "FECHA": "14/05/2025",
        "HORA": "00:00:27",
        "HORA_PC": "01:54:49",
        "EVENTO": "ENTRADA",
        "DESCRIPCION": "ENTRA PERSONA",
        "TOTAL": "3",
        "LED1": "ON",
        "LED2": "OFF",
        "LED3": "OFF"
    },
    {
        "ID": "6",
        "TIMESTAMP": "31517",
        "FECHA": "14/05/2025",
        "HORA": "00:00:31",
        "HORA_PC": "01:54:55",
        "EVENTO": "ENTRADA",
        "DESCRIPCION": "ENTRA PERSONA",
        "TOTAL": "4",
        "LED1": "ON",
        "LED2": "OFF",
        "LED3": "OFF"
    },
    {
        "ID": "7",
        "TIMESTAMP": "38622",
        "FECHA": "14/05/2025",
        "HORA": "00:00:38",
        "HORA_PC": "01:55:01",
        "EVENTO": "ENTRADA",
        "DESCRIPCION": "ENTRA PERSONA",
        "TOTAL": "5",
        "LED1": "ON",
        "LED2": "ON",
        "LED3": "OFF"
    },
    {
        "ID": "8",
        "TIMESTAMP": "43725",
        "FECHA": "14/05/2025",
        "HORA": "00:00:43",
        "HORA_PC": "01:55:07",
        "EVENTO": "SALIDA",
        "DESCRIPCION": "SALE PERSONA",
        "TOTAL": "4",
        "LED1": "ON",
        "LED2": "ON",
        "LED3": "OFF"
    },
    {
        "ID": "9",
        "TIMESTAMP": "48826",
        "FECHA": "14/05/2025",
        "HORA": "00:00:48",
        "HORA_PC": "01:55:11",
        "EVENTO": "ERROR",
        "DESCRIPCION": "NO SE DETECTO SEGUNDO SENSOR",
        "TOTAL": "4",
        "LED1": "ON",
        "LED2": "ON",
        "LED3": "OFF"
    },
    {
        "ID": "10",
        "TIMESTAMP": "52942",
        "FECHA": "14/05/2025",
        "HORA": "00:00:52",
        "HORA_PC": "01:55:15",
        "EVENTO": "SALIDA",
        "DESCRIPCION": "SALE PERSONA",
        "TOTAL": "3",
        "LED1": "ON",
        "LED2": "ON",
        "LED3": "OFF"
    },
    {
        "ID": "11",
        "TIMESTAMP": "57044",
        "FECHA": "14/05/2025",
        "HORA": "00:00:57",
        "HORA_PC": "01:55:19",
        "EVENTO": "SALIDA",
        "DESCRIPCION": "SALE PERSONA",
        "TOTAL": "2",
        "LED1": "ON",
        "LED2": "OFF",
        "LED3": "OFF"
    },
    {
        "ID": "12",
        "TIMESTAMP": "62148",
        "FECHA": "14/05/2025",
        "HORA": "00:01:02",
        "HORA_PC": "01:55:25",
        "EVENTO": "SALIDA",
        "DESCRIPCION": "SALE PERSONA",
        "TOTAL": "1",
        "LED1": "ON",
        "LED2": "OFF",
        "LED3": "OFF"
    },
    {
        "ID": "13",
        "TIMESTAMP": "66251",
        "FECHA": "14/05/2025",
        "HORA": "00:01:06",
        "HORA_PC": "01:55:29",
        "EVENTO": "ERROR",
        "DESCRIPCION": "NO SE DETECTO SEGUNDO SENSOR",
        "TOTAL": "1",
        "LED1": "ON",
        "LED2": "OFF",
        "LED3": "OFF"
    },
    {
        "ID": "14",
        "TIMESTAMP": "70370",
        "FECHA": "14/05/2025",
        "HORA": "00:01:10",
        "HORA_PC": "01:55:39",
        "EVENTO": "ERROR",
        "DESCRIPCION": "NO SE DETECTO SEGUNDO SENSOR",
        "TOTAL": "1",
        "LED1": "ON",
        "LED2": "OFF",
        "LED3": "OFF"
    },
    {
        "ID": "15",
        "TIMESTAMP": "77489",
        "FECHA": "14/05/2025",
        "HORA": "00:01:17",
        "HORA_PC": "01:55:41",
        "EVENTO": "SALIDA",
        "DESCRIPCION": "SALE PERSONA",
        "TOTAL": "0",
        "LED1": "ON",
        "LED2": "OFF",
        "LED3": "OFF"
    },
    {
        "ID": "16",
        "TIMESTAMP": "82591",
        "FECHA": "14/05/2025",
        "HORA": "00:01:22",
        "HORA_PC": "01:55:47",
        "EVENTO": "ERROR",
        "DESCRIPCION": "NO SE DETECTO SEGUNDO SENSOR",
        "TOTAL": "0",
        "LED1": "OFF",
        "LED2": "OFF",
        "LED3": "OFF"
    },
    {
        "ID": "17",
        "TIMESTAMP": "86712",
        "FECHA": "14/05/2025",
        "HORA": "00:01:26",
        "HORA_PC": "01:55:49",
        "EVENTO": "ERROR",
        "DESCRIPCION": "NO SE DETECTO SEGUNDO SENSOR",
        "TOTAL": "0",
        "LED1": "OFF",
        "LED2": "OFF",
        "LED3": "OFF"
    },
    {
        "ID": "18",
        "TIMESTAMP": "90831",
        "FECHA": "14/05/2025",
        "HORA": "00:01:30",
        "HORA_PC": "01:55:53",
        "EVENTO": "SALIDA",
        "DESCRIPCION": "SALE PERSONA",
        "TOTAL": "0",
        "LED1": "OFF",
        "LED2": "OFF",
        "LED3": "OFF"
    },
    {
        "ID": "19",
        "TIMESTAMP": "94936",
        "FECHA": "14/05/2025",
        "HORA": "00:01:34",
        "HORA_PC": "01:55:57",
        "EVENTO": "SALIDA",
        "DESCRIPCION": "SALE PERSONA",
        "TOTAL": "0",
        "LED1": "OFF",
        "LED2": "OFF",
        "LED3": "OFF"
    },
    {
        "ID": "20",
        "TIMESTAMP": "102040",
        "FECHA": "14/05/2025",
        "HORA": "00:01:42",
        "HORA_PC": "01:56:05",
        "EVENTO": "ERROR",
        "DESCRIPCION": "NO SE DETECTO SEGUNDO SENSOR",
        "TOTAL": "0",
        "LED1": "OFF",
        "LED2": "OFF",
        "LED3": "OFF"
    },
    {
        "ID": "21",
        "TIMESTAMP": "106161",
        "FECHA": "14/05/2025",
        "HORA": "00:01:46",
        "HORA_PC": "01:56:09",
        "EVENTO": "ERROR",
        "DESCRIPCION": "NO SE DETECTO SEGUNDO SENSOR",
        "TOTAL": "0",
        "LED1": "OFF",
        "LED2": "OFF",
        "LED3": "OFF"
    },
    {
        "ID": "22",
        "TIMESTAMP": "108281",
        "FECHA": "14/05/2025",
        "HORA": "00:01:48",
        "HORA_PC": "01:56:11",
        "EVENTO": "ENTRADA",
        "DESCRIPCION": "ENTRA PERSONA",
        "TOTAL": "1",
        "LED1": "OFF",
        "LED2": "OFF",
        "LED3": "OFF"
    },
    {
        "ID": "23",
        "TIMESTAMP": "112389",
        "FECHA": "14/05/2025",
        "HORA": "00:01:52",
        "HORA_PC": "01:56:15",
        "EVENTO": "ENTRADA",
        "DESCRIPCION": "ENTRA PERSONA",
        "TOTAL": "2",
        "LED1": "ON",
        "LED2": "OFF",
        "LED3": "OFF"
    },
    {
        "ID": "24",
        "TIMESTAMP": "116495",
        "FECHA": "14/05/2025",
        "HORA": "00:01:56",
        "HORA_PC": "01:56:19",
        "EVENTO": "ENTRADA",
        "DESCRIPCION": "ENTRA PERSONA",
        "TOTAL": "3",
        "LED1": "ON",
        "LED2": "OFF",
        "LED3": "OFF"
    },
    {
        "ID": "25",
        "TIMESTAMP": "126601",
        "FECHA": "14/05/2025",
        "HORA": "00:02:06",
        "HORA_PC": "01:56:29",
        "EVENTO": "ERROR",
        "DESCRIPCION": "NO SE DETECTO SEGUNDO SENSOR",
        "TOTAL": "3",
        "LED1": "ON",
        "LED2": "OFF",
        "LED3": "OFF"
    },
    {
        "ID": "26",
        "TIMESTAMP": "128720",
        "FECHA": "14/05/2025",
        "HORA": "00:02:08",
        "HORA_PC": "01:56:31",
        "EVENTO": "SALIDA",
        "DESCRIPCION": "SALE PERSONA",
        "TOTAL": "2",
        "LED1": "ON",
        "LED2": "OFF",
        "LED3": "OFF"
    },
    {
        "ID": "27",
        "TIMESTAMP": "132825",
        "FECHA": "14/05/2025",
        "HORA": "00:02:12",
        "HORA_PC": "01:56:35",
        "EVENTO": "ENTRADA",
        "DESCRIPCION": "ENTRA PERSONA",
        "TOTAL": "3",
        "LED1": "ON",
        "LED2": "OFF",
        "LED3": "OFF"
    },
    {
        "ID": "28",
        "TIMESTAMP": "136932",
        "FECHA": "14/05/2025",
        "HORA": "00:02:16",
        "HORA_PC": "01:56:39",
        "EVENTO": "SALIDA",
        "DESCRIPCION": "SALE PERSONA",
        "TOTAL": "2",
        "LED1": "ON",
        "LED2": "OFF",
        "LED3": "OFF"
    },
    {
        "ID": "29",
        "TIMESTAMP": "141036",
        "FECHA": "14/05/2025",
        "HORA": "00:02:21",
        "HORA_PC": "01:56:43",
        "EVENTO": "SALIDA",
        "DESCRIPCION": "SALE PERSONA",
        "TOTAL": "1",
        "LED1": "ON",
        "LED2": "OFF",
        "LED3": "OFF"
    },
    {
        "ID": "30",
        "TIMESTAMP": "147140",
        "FECHA": "14/05/2025",
        "HORA": "00:02:27",
        "HORA_PC": "01:56:52",
        "EVENTO": "ERROR",
        "DESCRIPCION": "NO SE DETECTO SEGUNDO SENSOR",
        "TOTAL": "1",
        "LED1": "ON",
        "LED2": "OFF",
        "LED3": "OFF"
    },
    {
        "ID": "31",
        "TIMESTAMP": "153260",
        "FECHA": "14/05/2025",
        "HORA": "00:02:33",
        "HORA_PC": "01:56:56",
        "EVENTO": "ERROR",
        "DESCRIPCION": "NO SE DETECTO SEGUNDO SENSOR",
        "TOTAL": "1",
        "LED1": "ON",
        "LED2": "OFF",
        "LED3": "OFF"
    },
    {
        "ID": "32",
        "TIMESTAMP": "157379",
        "FECHA": "14/05/2025",
        "HORA": "00:02:37",
        "HORA_PC": "01:57:00",
        "EVENTO": "ERROR",
        "DESCRIPCION": "NO SE DETECTO SEGUNDO SENSOR",
        "TOTAL": "1",
        "LED1": "ON",
        "LED2": "OFF",
        "LED3": "OFF"
    },
    {
        "ID": "33",
        "TIMESTAMP": "159499",
        "FECHA": "14/05/2025",
        "HORA": "00:02:39",
        "HORA_PC": "01:57:02",
        "EVENTO": "SALIDA",
        "DESCRIPCION": "SALE PERSONA",
        "TOTAL": "0",
        "LED1": "ON",
        "LED2": "OFF",
        "LED3": "OFF"
    },
    {
        "ID": "34",
        "TIMESTAMP": "164603",
        "FECHA": "14/05/2025",
        "HORA": "00:02:44",
        "HORA_PC": "01:57:12",
        "EVENTO": "ERROR",
        "DESCRIPCION": "NO SE DETECTO SEGUNDO SENSOR",
        "TOTAL": "0",
        "LED1": "OFF",
        "LED2": "OFF",
        "LED3": "OFF"
    },
    {
        "ID": "35",
        "TIMESTAMP": "170724",
        "FECHA": "14/05/2025",
        "HORA": "00:02:50",
        "HORA_PC": "01:57:14",
        "EVENTO": "ERROR",
        "DESCRIPCION": "NO SE DETECTO SEGUNDO SENSOR",
        "TOTAL": "0",
        "LED1": "OFF",
        "LED2": "OFF",
        "LED3": "OFF"
    },
    {
        "ID": "36",
        "TIMESTAMP": "177845",
        "FECHA": "14/05/2025",
        "HORA": "00:02:57",
        "HORA_PC": "01:57:20",
        "EVENTO": "ERROR",
        "DESCRIPCION": "NO SE DETECTO SEGUNDO SENSOR",
        "TOTAL": "0",
        "LED1": "OFF",
        "LED2": "OFF",
        "LED3": "OFF"
    },
    {
        "ID": "37",
        "TIMESTAMP": "180966",
        "FECHA": "14/05/2025",
        "HORA": "00:03:00",
        "HORA_PC": "01:57:24",
        "EVENTO": "INFO",
        "DESCRIPCION": "Fin de simulacion",
        "TOTAL": "0",
        "LED1": "OFF",
        "LED2": "OFF",
        "LED3": "OFF"
    },
    {
        "ID": "1",
        "TIMESTAMP": "0",
        "FECHA": "14/05/2025",
        "HORA": "00:00:00",
        "HORA_PC": "02:11:01",
        "EVENTO": "INFO",
        "DESCRIPCION": "Inicio de simulacion",
        "TOTAL": "3",
        "LED1": "OFF",
        "LED2": "OFF",
        "LED3": "OFF"
    },
    {
        "ID": "2",
        "TIMESTAMP": "11105",
        "FECHA": "14/05/2025",
        "HORA": "00:00:11",
        "HORA_PC": "02:11:11",
        "EVENTO": "ERROR",
        "DESCRIPCION": "NO SE DETECTO SEGUNDO SENSOR",
        "TOTAL": "3",
        "LED1": "ON",
        "LED2": "OFF",
        "LED3": "OFF"
    },
    {
        "ID": "3",
        "TIMESTAMP": "18223",
        "FECHA": "14/05/2025",
        "HORA": "00:00:18",
        "HORA_PC": "02:11:17",
        "EVENTO": "ERROR",
        "DESCRIPCION": "NO SE DETECTO SEGUNDO SENSOR",
        "TOTAL": "3",
        "LED1": "ON",
        "LED2": "OFF",
        "LED3": "OFF"
    },
    {
        "ID": "4",
        "TIMESTAMP": "29340",
        "FECHA": "14/05/2025",
        "HORA": "00:00:29",
        "HORA_PC": "02:11:42",
        "EVENTO": "ENTRADA",
        "DESCRIPCION": "ENTRA PERSONA",
        "TOTAL": "4",
        "LED1": "ON",
        "LED2": "OFF",
        "LED3": "OFF"
    },
    {
        "ID": "5",
        "TIMESTAMP": "32444",
        "FECHA": "14/05/2025",
        "HORA": "00:00:32",
        "HORA_PC": "02:11:44",
        "EVENTO": "ENTRADA",
        "DESCRIPCION": "ENTRA PERSONA",
        "TOTAL": "5",
        "LED1": "ON",
        "LED2": "ON",
        "LED3": "OFF"
    },
    {
        "ID": "6",
        "TIMESTAMP": "36547",
        "FECHA": "14/05/2025",
        "HORA": "00:00:36",
        "HORA_PC": "02:11:46",
        "EVENTO": "ENTRADA",
        "DESCRIPCION": "ENTRA PERSONA",
        "TOTAL": "6",
        "LED1": "ON",
        "LED2": "ON",
        "LED3": "OFF"
    },
    {
        "ID": "7",
        "TIMESTAMP": "47651",
        "FECHA": "14/05/2025",
        "HORA": "00:00:47",
        "HORA_PC": "02:11:48",
        "EVENTO": "ERROR",
        "DESCRIPCION": "NO SE DETECTO SEGUNDO SENSOR",
        "TOTAL": "6",
        "LED1": "ON",
        "LED2": "ON",
        "LED3": "OFF"
    },
    {
        "ID": "8",
        "TIMESTAMP": "51768",
        "FECHA": "14/05/2025",
        "HORA": "00:00:51",
        "HORA_PC": "02:11:52",
        "EVENTO": "ERROR",
        "DESCRIPCION": "NO SE DETECTO SEGUNDO SENSOR",
        "TOTAL": "6",
        "LED1": "ON",
        "LED2": "ON",
        "LED3": "OFF"
    },
    {
        "ID": "9",
        "TIMESTAMP": "53884",
        "FECHA": "14/05/2025",
        "HORA": "00:00:53",
        "HORA_PC": "02:11:54",
        "EVENTO": "ENTRADA",
        "DESCRIPCION": "ENTRA PERSONA",
        "TOTAL": "7",
        "LED1": "ON",
        "LED2": "ON",
        "LED3": "OFF"
    },
    {
        "ID": "10",
        "TIMESTAMP": "58987",
        "FECHA": "14/05/2025",
        "HORA": "00:00:58",
        "HORA_PC": "02:11:58",
        "EVENTO": "ENTRADA",
        "DESCRIPCION": "ENTRA PERSONA",
        "TOTAL": "8",
        "LED1": "ON",
        "LED2": "ON",
        "LED3": "OFF"
    },
    {
        "ID": "11",
        "TIMESTAMP": "62092",
        "FECHA": "14/05/2025",
        "HORA": "00:01:02",
        "HORA_PC": "02:12:06",
        "EVENTO": "ENTRADA",
        "DESCRIPCION": "ENTRA PERSONA",
        "TOTAL": "9",
        "LED1": "ON",
        "LED2": "ON",
        "LED3": "ON"
    },
    {
        "ID": "12",
        "TIMESTAMP": "70195",
        "FECHA": "14/05/2025",
        "HORA": "00:01:10",
        "HORA_PC": "02:12:10",
        "EVENTO": "SALIDA",
        "DESCRIPCION": "SALE PERSONA",
        "TOTAL": "8",
        "LED1": "ON",
        "LED2": "ON",
        "LED3": "ON"
    },
    {
        "ID": "13",
        "TIMESTAMP": "73295",
        "FECHA": "14/05/2025",
        "HORA": "00:01:13",
        "HORA_PC": "02:12:12",
        "EVENTO": "SALIDA",
        "DESCRIPCION": "SALE PERSONA",
        "TOTAL": "7",
        "LED1": "ON",
        "LED2": "ON",
        "LED3": "ON"
    },
    {
        "ID": "14",
        "TIMESTAMP": "78397",
        "FECHA": "14/05/2025",
        "HORA": "00:01:18",
        "HORA_PC": "02:12:18",
        "EVENTO": "ERROR",
        "DESCRIPCION": "NO SE DETECTO SEGUNDO SENSOR",
        "TOTAL": "7",
        "LED1": "ON",
        "LED2": "ON",
        "LED3": "OFF"
    },
    {
        "ID": "15",
        "TIMESTAMP": "82514",
        "FECHA": "14/05/2025",
        "HORA": "00:01:22",
        "HORA_PC": "02:12:22",
        "EVENTO": "SALIDA",
        "DESCRIPCION": "SALE PERSONA",
        "TOTAL": "6",
        "LED1": "ON",
        "LED2": "ON",
        "LED3": "OFF"
    },
    {
        "ID": "16",
        "TIMESTAMP": "85616",
        "FECHA": "14/05/2025",
        "HORA": "00:01:25",
        "HORA_PC": "02:12:26",
        "EVENTO": "SALIDA",
        "DESCRIPCION": "SALE PERSONA",
        "TOTAL": "5",
        "LED1": "ON",
        "LED2": "ON",
        "LED3": "OFF"
    },
    {
        "ID": "17",
        "TIMESTAMP": "90719",
        "FECHA": "14/05/2025",
        "HORA": "00:01:30",
        "HORA_PC": "02:12:30",
        "EVENTO": "ENTRADA",
        "DESCRIPCION": "ENTRA PERSONA",
        "TOTAL": "6",
        "LED1": "ON",
        "LED2": "ON",
        "LED3": "OFF"
    },
    {
        "ID": "18",
        "TIMESTAMP": "94823",
        "FECHA": "14/05/2025",
        "HORA": "00:01:34",
        "HORA_PC": "02:12:34",
        "EVENTO": "SALIDA",
        "DESCRIPCION": "SALE PERSONA",
        "TOTAL": "5",
        "LED1": "ON",
        "LED2": "ON",
        "LED3": "OFF"
    },
    {
        "ID": "19",
        "TIMESTAMP": "98925",
        "FECHA": "14/05/2025",
        "HORA": "00:01:38",
        "HORA_PC": "02:12:38",
        "EVENTO": "ENTRADA",
        "DESCRIPCION": "ENTRA PERSONA",
        "TOTAL": "6",
        "LED1": "ON",
        "LED2": "ON",
        "LED3": "OFF"
    },
    {
        "ID": "20",
        "TIMESTAMP": "105029",
        "FECHA": "14/05/2025",
        "HORA": "00:01:45",
        "HORA_PC": "02:12:44",
        "EVENTO": "ERROR",
        "DESCRIPCION": "NO SE DETECTO SEGUNDO SENSOR",
        "TOTAL": "6",
        "LED1": "ON",
        "LED2": "ON",
        "LED3": "OFF"
    },
    {
        "ID": "21",
        "TIMESTAMP": "108148",
        "FECHA": "14/05/2025",
        "HORA": "00:01:48",
        "HORA_PC": "02:12:48",
        "EVENTO": "ERROR",
        "DESCRIPCION": "NO SE DETECTO SEGUNDO SENSOR",
        "TOTAL": "6",
        "LED1": "ON",
        "LED2": "ON",
        "LED3": "OFF"
    },
    {
        "ID": "22",
        "TIMESTAMP": "114267",
        "FECHA": "14/05/2025",
        "HORA": "00:01:54",
        "HORA_PC": "02:12:54",
        "EVENTO": "ERROR",
        "DESCRIPCION": "NO SE DETECTO SEGUNDO SENSOR",
        "TOTAL": "6",
        "LED1": "ON",
        "LED2": "ON",
        "LED3": "OFF"
    },
    {
        "ID": "23",
        "TIMESTAMP": "116385",
        "FECHA": "14/05/2025",
        "HORA": "00:01:56",
        "HORA_PC": "02:12:56",
        "EVENTO": "ENTRADA",
        "DESCRIPCION": "ENTRA PERSONA",
        "TOTAL": "7",
        "LED1": "ON",
        "LED2": "ON",
        "LED3": "OFF"
    },
    {
        "ID": "24",
        "TIMESTAMP": "122490",
        "FECHA": "14/05/2025",
        "HORA": "00:02:02",
        "HORA_PC": "02:13:02",
        "EVENTO": "ERROR",
        "DESCRIPCION": "NO SE DETECTO SEGUNDO SENSOR",
        "TOTAL": "7",
        "LED1": "ON",
        "LED2": "ON",
        "LED3": "OFF"
    },
    {
        "ID": "25",
        "TIMESTAMP": "126609",
        "FECHA": "14/05/2025",
        "HORA": "00:02:06",
        "HORA_PC": "02:13:06",
        "EVENTO": "ENTRADA",
        "DESCRIPCION": "ENTRA PERSONA",
        "TOTAL": "8",
        "LED1": "ON",
        "LED2": "ON",
        "LED3": "OFF"
    },
    {
        "ID": "26",
        "TIMESTAMP": "129715",
        "FECHA": "14/05/2025",
        "HORA": "00:02:09",
        "HORA_PC": "02:13:10",
        "EVENTO": "ENTRADA",
        "DESCRIPCION": "ENTRA PERSONA",
        "TOTAL": "9",
        "LED1": "ON",
        "LED2": "ON",
        "LED3": "ON"
    },
    {
        "ID": "27",
        "TIMESTAMP": "135819",
        "FECHA": "14/05/2025",
        "HORA": "00:02:15",
        "HORA_PC": "02:13:16",
        "EVENTO": "ERROR",
        "DESCRIPCION": "NO SE DETECTO SEGUNDO SENSOR",
        "TOTAL": "9",
        "LED1": "ON",
        "LED2": "ON",
        "LED3": "ON"
    },
    {
        "ID": "28",
        "TIMESTAMP": "138936",
        "FECHA": "14/05/2025",
        "HORA": "00:02:18",
        "HORA_PC": "02:13:18",
        "EVENTO": "SALIDA",
        "DESCRIPCION": "SALE PERSONA",
        "TOTAL": "8",
        "LED1": "ON",
        "LED2": "ON",
        "LED3": "ON"
    },
    {
        "ID": "29",
        "TIMESTAMP": "142039",
        "FECHA": "14/05/2025",
        "HORA": "00:02:22",
        "HORA_PC": "02:13:22",
        "EVENTO": "ERROR",
        "DESCRIPCION": "NO SE DETECTO SEGUNDO SENSOR",
        "TOTAL": "8",
        "LED1": "ON",
        "LED2": "ON",
        "LED3": "ON"
    },
    {
        "ID": "30",
        "TIMESTAMP": "145156",
        "FECHA": "14/05/2025",
        "HORA": "00:02:25",
        "HORA_PC": "02:13:24",
        "EVENTO": "SALIDA",
        "DESCRIPCION": "SALE PERSONA",
        "TOTAL": "7",
        "LED1": "ON",
        "LED2": "ON",
        "LED3": "ON"
    },
    {
        "ID": "31",
        "TIMESTAMP": "149258",
        "FECHA": "14/05/2025",
        "HORA": "00:02:29",
        "HORA_PC": "02:13:28",
        "EVENTO": "ERROR",
        "DESCRIPCION": "NO SE DETECTO SEGUNDO SENSOR",
        "TOTAL": "7",
        "LED1": "ON",
        "LED2": "ON",
        "LED3": "OFF"
    },
    {
        "ID": "32",
        "TIMESTAMP": "151376",
        "FECHA": "14/05/2025",
        "HORA": "00:02:31",
        "HORA_PC": "02:13:30",
        "EVENTO": "SALIDA",
        "DESCRIPCION": "SALE PERSONA",
        "TOTAL": "6",
        "LED1": "ON",
        "LED2": "ON",
        "LED3": "OFF"
    },
    {
        "ID": "33",
        "TIMESTAMP": "157479",
        "FECHA": "14/05/2025",
        "HORA": "00:02:37",
        "HORA_PC": "02:13:36",
        "EVENTO": "SALIDA",
        "DESCRIPCION": "SALE PERSONA",
        "TOTAL": "5",
        "LED1": "ON",
        "LED2": "ON",
        "LED3": "OFF"
    },
    {
        "ID": "34",
        "TIMESTAMP": "160583",
        "FECHA": "14/05/2025",
        "HORA": "00:02:40",
        "HORA_PC": "02:13:40",
        "EVENTO": "SALIDA",
        "DESCRIPCION": "SALE PERSONA",
        "TOTAL": "4",
        "LED1": "ON",
        "LED2": "ON",
        "LED3": "OFF"
    },
    {
        "ID": "35",
        "TIMESTAMP": "164686",
        "FECHA": "14/05/2025",
        "HORA": "00:02:44",
        "HORA_PC": "02:13:44",
        "EVENTO": "SALIDA",
        "DESCRIPCION": "SALE PERSONA",
        "TOTAL": "3",
        "LED1": "ON",
        "LED2": "ON",
        "LED3": "OFF"
    },
    {
        "ID": "36",
        "TIMESTAMP": "171790",
        "FECHA": "14/05/2025",
        "HORA": "00:02:51",
        "HORA_PC": "02:13:52",
        "EVENTO": "ERROR",
        "DESCRIPCION": "NO SE DETECTO SEGUNDO SENSOR",
        "TOTAL": "3",
        "LED1": "ON",
        "LED2": "OFF",
        "LED3": "OFF"
    },
    {
        "ID": "37",
        "TIMESTAMP": "176909",
        "FECHA": "14/05/2025",
        "HORA": "00:02:56",
        "HORA_PC": "02:13:56",
        "EVENTO": "ENTRADA",
        "DESCRIPCION": "ENTRA PERSONA",
        "TOTAL": "4",
        "LED1": "ON",
        "LED2": "OFF",
        "LED3": "OFF"
    },
    {
        "ID": "38",
        "TIMESTAMP": "180016",
        "FECHA": "14/05/2025",
        "HORA": "00:03:00",
        "HORA_PC": "02:14:00",
        "EVENTO": "INFO",
        "DESCRIPCION": "Fin de simulacion",
        "TOTAL": "4",
        "LED1": "ON",
        "LED2": "ON",
        "LED3": "OFF"
    },
    {
        "ID": "1",
        "TIMESTAMP": "0",
        "FECHA": "14/05/2025",
        "HORA": "00:00:00",
        "HORA_PC": "02:23:26",
        "EVENTO": "INFO",
        "DESCRIPCION": "Inicio de simulacion",
        "TOTAL": "3",
        "LED1": "OFF",
        "LED2": "OFF",
        "LED3": "OFF"
    },
    {
        "ID": "2",
        "TIMESTAMP": "4105",
        "FECHA": "14/05/2025",
        "HORA": "00:00:04",
        "HORA_PC": "02:23:30",
        "EVENTO": "ERROR",
        "DESCRIPCION": "NO SE DETECTO SEGUNDO SENSOR",
        "TOTAL": "3",
        "LED1": "ON",
        "LED2": "OFF",
        "LED3": "OFF"
    },
    {
        "ID": "3",
        "TIMESTAMP": "6220",
        "FECHA": "14/05/2025",
        "HORA": "00:00:06",
        "HORA_PC": "02:23:32",
        "EVENTO": "ENTRADA",
        "DESCRIPCION": "ENTRA PERSONA",
        "TOTAL": "4",
        "LED1": "ON",
        "LED2": "OFF",
        "LED3": "OFF"
    },
    {
        "ID": "4",
        "TIMESTAMP": "9324",
        "FECHA": "14/05/2025",
        "HORA": "00:00:09",
        "HORA_PC": "02:23:34",
        "EVENTO": "ENTRADA",
        "DESCRIPCION": "ENTRA PERSONA",
        "TOTAL": "5",
        "LED1": "ON",
        "LED2": "ON",
        "LED3": "OFF"
    },
    {
        "ID": "5",
        "TIMESTAMP": "15426",
        "FECHA": "14/05/2025",
        "HORA": "00:00:15",
        "HORA_PC": "02:23:40",
        "EVENTO": "ENTRADA",
        "DESCRIPCION": "ENTRA PERSONA",
        "TOTAL": "6",
        "LED1": "ON",
        "LED2": "ON",
        "LED3": "OFF"
    },
    {
        "ID": "6",
        "TIMESTAMP": "19529",
        "FECHA": "14/05/2025",
        "HORA": "00:00:19",
        "HORA_PC": "02:23:44",
        "EVENTO": "ENTRADA",
        "DESCRIPCION": "ENTRA PERSONA",
        "TOTAL": "7",
        "LED1": "ON",
        "LED2": "ON",
        "LED3": "OFF"
    },
    {
        "ID": "7",
        "TIMESTAMP": "26633",
        "FECHA": "14/05/2025",
        "HORA": "00:00:26",
        "HORA_PC": "02:23:52",
        "EVENTO": "ERROR",
        "DESCRIPCION": "NO SE DETECTO SEGUNDO SENSOR",
        "TOTAL": "7",
        "LED1": "ON",
        "LED2": "ON",
        "LED3": "OFF"
    },
    {
        "ID": "8",
        "TIMESTAMP": "28749",
        "FECHA": "14/05/2025",
        "HORA": "00:00:28",
        "HORA_PC": "02:23:54",
        "EVENTO": "ENTRADA",
        "DESCRIPCION": "ENTRA PERSONA",
        "TOTAL": "8",
        "LED1": "ON",
        "LED2": "ON",
        "LED3": "OFF"
    },
    {
        "ID": "9",
        "TIMESTAMP": "36852",
        "FECHA": "14/05/2025",
        "HORA": "00:00:36",
        "HORA_PC": "02:24:02",
        "EVENTO": "ERROR",
        "DESCRIPCION": "NO SE DETECTO SEGUNDO SENSOR",
        "TOTAL": "8",
        "LED1": "ON",
        "LED2": "ON",
        "LED3": "ON"
    },
    {
        "ID": "10",
        "TIMESTAMP": "41968",
        "FECHA": "14/05/2025",
        "HORA": "00:00:41",
        "HORA_PC": "02:24:08",
        "EVENTO": "ERROR",
        "DESCRIPCION": "NO SE DETECTO SEGUNDO SENSOR",
        "TOTAL": "8",
        "LED1": "ON",
        "LED2": "ON",
        "LED3": "ON"
    },
    {
        "ID": "11",
        "TIMESTAMP": "45084",
        "FECHA": "14/05/2025",
        "HORA": "00:00:45",
        "HORA_PC": "02:24:10",
        "EVENTO": "SALIDA",
        "DESCRIPCION": "SALE PERSONA",
        "TOTAL": "7",
        "LED1": "ON",
        "LED2": "ON",
        "LED3": "ON"
    },
    {
        "ID": "12",
        "TIMESTAMP": "50186",
        "FECHA": "14/05/2025",
        "HORA": "00:00:50",
        "HORA_PC": "02:24:16",
        "EVENTO": "ERROR",
        "DESCRIPCION": "NO SE DETECTO SEGUNDO SENSOR",
        "TOTAL": "7",
        "LED1": "ON",
        "LED2": "ON",
        "LED3": "OFF"
    },
    {
        "ID": "13",
        "TIMESTAMP": "54303",
        "FECHA": "14/05/2025",
        "HORA": "00:00:54",
        "HORA_PC": "02:24:20",
        "EVENTO": "SALIDA",
        "DESCRIPCION": "SALE PERSONA",
        "TOTAL": "6",
        "LED1": "ON",
        "LED2": "ON",
        "LED3": "OFF"
    },
    {
        "ID": "14",
        "TIMESTAMP": "59406",
        "FECHA": "14/05/2025",
        "HORA": "00:00:59",
        "HORA_PC": "02:24:24",
        "EVENTO": "ENTRADA",
        "DESCRIPCION": "ENTRA PERSONA",
        "TOTAL": "7",
        "LED1": "ON",
        "LED2": "ON",
        "LED3": "OFF"
    },
    {
        "ID": "15",
        "TIMESTAMP": "62510",
        "FECHA": "14/05/2025",
        "HORA": "00:01:02",
        "HORA_PC": "02:24:28",
        "EVENTO": "ENTRADA",
        "DESCRIPCION": "ENTRA PERSONA",
        "TOTAL": "8",
        "LED1": "ON",
        "LED2": "ON",
        "LED3": "OFF"
    },
    {
        "ID": "16",
        "TIMESTAMP": "71614",
        "FECHA": "14/05/2025",
        "HORA": "00:01:11",
        "HORA_PC": "02:24:36",
        "EVENTO": "ENTRADA",
        "DESCRIPCION": "ENTRA PERSONA",
        "TOTAL": "9",
        "LED1": "ON",
        "LED2": "ON",
        "LED3": "ON"
    },
    {
        "ID": "17",
        "TIMESTAMP": "75717",
        "FECHA": "14/05/2025",
        "HORA": "00:01:15",
        "HORA_PC": "02:24:42",
        "EVENTO": "ENTRADA",
        "DESCRIPCION": "ENTRA PERSONA",
        "TOTAL": "10",
        "LED1": "ON",
        "LED2": "ON",
        "LED3": "ON"
    },
    {
        "ID": "18",
        "TIMESTAMP": "78821",
        "FECHA": "14/05/2025",
        "HORA": "00:01:18",
        "HORA_PC": "02:24:44",
        "EVENTO": "ENTRADA",
        "DESCRIPCION": "ENTRA PERSONA",
        "TOTAL": "11",
        "LED1": "ON",
        "LED2": "ON",
        "LED3": "ON"
    },
    {
        "ID": "19",
        "TIMESTAMP": "84925",
        "FECHA": "14/05/2025",
        "HORA": "00:01:24",
        "HORA_PC": "02:24:50",
        "EVENTO": "ERROR",
        "DESCRIPCION": "NO SE DETECTO SEGUNDO SENSOR",
        "TOTAL": "11",
        "LED1": "ON",
        "LED2": "ON",
        "LED3": "ON"
    },
    {
        "ID": "20",
        "TIMESTAMP": "90043",
        "FECHA": "14/05/2025",
        "HORA": "00:01:30",
        "HORA_PC": "02:24:56",
        "EVENTO": "ERROR",
        "DESCRIPCION": "NO SE DETECTO SEGUNDO SENSOR",
        "TOTAL": "11",
        "LED1": "ON",
        "LED2": "ON",
        "LED3": "ON"
    },
    {
        "ID": "21",
        "TIMESTAMP": "96161",
        "FECHA": "14/05/2025",
        "HORA": "00:01:36",
        "HORA_PC": "02:25:03",
        "EVENTO": "SALIDA",
        "DESCRIPCION": "SALE PERSONA",
        "TOTAL": "10",
        "LED1": "ON",
        "LED2": "ON",
        "LED3": "ON"
    },
    {
        "ID": "22",
        "TIMESTAMP": "101263",
        "FECHA": "14/05/2025",
        "HORA": "00:01:41",
        "HORA_PC": "02:25:07",
        "EVENTO": "ERROR",
        "DESCRIPCION": "NO SE DETECTO SEGUNDO SENSOR",
        "TOTAL": "10",
        "LED1": "ON",
        "LED2": "ON",
        "LED3": "ON"
    },
    {
        "ID": "23",
        "TIMESTAMP": "108382",
        "FECHA": "14/05/2025",
        "HORA": "00:01:48",
        "HORA_PC": "02:25:15",
        "EVENTO": "ERROR",
        "DESCRIPCION": "NO SE DETECTO SEGUNDO SENSOR",
        "TOTAL": "10",
        "LED1": "ON",
        "LED2": "ON",
        "LED3": "ON"
    },
    {
        "ID": "24",
        "TIMESTAMP": "112500",
        "FECHA": "14/05/2025",
        "HORA": "00:01:52",
        "HORA_PC": "02:25:19",
        "EVENTO": "ERROR",
        "DESCRIPCION": "NO SE DETECTO SEGUNDO SENSOR",
        "TOTAL": "10",
        "LED1": "ON",
        "LED2": "ON",
        "LED3": "ON"
    },
    {
        "ID": "25",
        "TIMESTAMP": "117619",
        "FECHA": "14/05/2025",
        "HORA": "00:01:57",
        "HORA_PC": "02:25:23",
        "EVENTO": "ENTRADA",
        "DESCRIPCION": "ENTRA PERSONA",
        "TOTAL": "11",
        "LED1": "ON",
        "LED2": "ON",
        "LED3": "ON"
    },
    {
        "ID": "26",
        "TIMESTAMP": "121724",
        "FECHA": "14/05/2025",
        "HORA": "00:02:01",
        "HORA_PC": "02:25:27",
        "EVENTO": "SALIDA",
        "DESCRIPCION": "SALE PERSONA",
        "TOTAL": "10",
        "LED1": "ON",
        "LED2": "ON",
        "LED3": "ON"
    },
    {
        "ID": "27",
        "TIMESTAMP": "126827",
        "FECHA": "14/05/2025",
        "HORA": "00:02:06",
        "HORA_PC": "02:25:33",
        "EVENTO": "ENTRADA",
        "DESCRIPCION": "ENTRA PERSONA",
        "TOTAL": "11",
        "LED1": "ON",
        "LED2": "ON",
        "LED3": "ON"
    },
    {
        "ID": "28",
        "TIMESTAMP": "132933",
        "FECHA": "14/05/2025",
        "HORA": "00:02:12",
        "HORA_PC": "02:25:39",
        "EVENTO": "ERROR",
        "DESCRIPCION": "NO SE DETECTO SEGUNDO SENSOR",
        "TOTAL": "11",
        "LED1": "ON",
        "LED2": "ON",
        "LED3": "ON"
    },
    {
        "ID": "29",
        "TIMESTAMP": "136051",
        "FECHA": "14/05/2025",
        "HORA": "00:02:16",
        "HORA_PC": "02:25:43",
        "EVENTO": "SALIDA",
        "DESCRIPCION": "SALE PERSONA",
        "TOTAL": "10",
        "LED1": "ON",
        "LED2": "ON",
        "LED3": "ON"
    },
    {
        "ID": "30",
        "TIMESTAMP": "139155",
        "FECHA": "14/05/2025",
        "HORA": "00:02:19",
        "HORA_PC": "02:25:45",
        "EVENTO": "SALIDA",
        "DESCRIPCION": "SALE PERSONA",
        "TOTAL": "9",
        "LED1": "ON",
        "LED2": "ON",
        "LED3": "ON"
    },
    {
        "ID": "31",
        "TIMESTAMP": "143257",
        "FECHA": "14/05/2025",
        "HORA": "00:02:23",
        "HORA_PC": "02:25:49",
        "EVENTO": "SALIDA",
        "DESCRIPCION": "SALE PERSONA",
        "TOTAL": "8",
        "LED1": "ON",
        "LED2": "ON",
        "LED3": "ON"
    },
    {
        "ID": "32",
        "TIMESTAMP": "147359",
        "FECHA": "14/05/2025",
        "HORA": "00:02:27",
        "HORA_PC": "02:25:53",
        "EVENTO": "SALIDA",
        "DESCRIPCION": "SALE PERSONA",
        "TOTAL": "7",
        "LED1": "ON",
        "LED2": "ON",
        "LED3": "ON"
    },
    {
        "ID": "33",
        "TIMESTAMP": "151461",
        "FECHA": "14/05/2025",
        "HORA": "00:02:31",
        "HORA_PC": "02:25:57",
        "EVENTO": "ERROR",
        "DESCRIPCION": "NO SE DETECTO SEGUNDO SENSOR",
        "TOTAL": "7",
        "LED1": "ON",
        "LED2": "ON",
        "LED3": "OFF"
    },
    {
        "ID": "34",
        "TIMESTAMP": "158579",
        "FECHA": "14/05/2025",
        "HORA": "00:02:38",
        "HORA_PC": "02:26:05",
        "EVENTO": "ERROR",
        "DESCRIPCION": "NO SE DETECTO SEGUNDO SENSOR",
        "TOTAL": "7",
        "LED1": "ON",
        "LED2": "ON",
        "LED3": "OFF"
    },
    {
        "ID": "35",
        "TIMESTAMP": "161698",
        "FECHA": "14/05/2025",
        "HORA": "00:02:41",
        "HORA_PC": "02:26:07",
        "EVENTO": "ENTRADA",
        "DESCRIPCION": "ENTRA PERSONA",
        "TOTAL": "8",
        "LED1": "ON",
        "LED2": "ON",
        "LED3": "OFF"
    },
    {
        "ID": "36",
        "TIMESTAMP": "165804",
        "FECHA": "14/05/2025",
        "HORA": "00:02:45",
        "HORA_PC": "02:26:11",
        "EVENTO": "ENTRADA",
        "DESCRIPCION": "ENTRA PERSONA",
        "TOTAL": "9",
        "LED1": "ON",
        "LED2": "ON",
        "LED3": "ON"
    },
    {
        "ID": "37",
        "TIMESTAMP": "170908",
        "FECHA": "14/05/2025",
        "HORA": "00:02:50",
        "HORA_PC": "02:26:17",
        "EVENTO": "SALIDA",
        "DESCRIPCION": "SALE PERSONA",
        "TOTAL": "8",
        "LED1": "ON",
        "LED2": "ON",
        "LED3": "ON"
    },
    {
        "ID": "38",
        "TIMESTAMP": "174010",
        "FECHA": "14/05/2025",
        "HORA": "00:02:54",
        "HORA_PC": "02:26:21",
        "EVENTO": "SALIDA",
        "DESCRIPCION": "SALE PERSONA",
        "TOTAL": "7",
        "LED1": "ON",
        "LED2": "ON",
        "LED3": "ON"
    },
    {
        "ID": "39",
        "TIMESTAMP": "178112",
        "FECHA": "14/05/2025",
        "HORA": "00:02:58",
        "HORA_PC": "02:26:25",
        "EVENTO": "SALIDA",
        "DESCRIPCION": "SALE PERSONA",
        "TOTAL": "6",
        "LED1": "ON",
        "LED2": "ON",
        "LED3": "OFF"
    },
    {
        "ID": "40",
        "TIMESTAMP": "180215",
        "FECHA": "14/05/2025",
        "HORA": "00:03:00",
        "HORA_PC": "02:26:27",
        "EVENTO": "INFO",
        "DESCRIPCION": "Fin de simulacion",
        "TOTAL": "6",
        "LED1": "ON",
        "LED2": "ON",
        "LED3": "OFF"
    },
    {
        "ID": "1",
        "TIMESTAMP": "0",
        "FECHA": "14/05/2025",
        "HORA": "00:00:00",
        "HORA_PC": "09:10:50",
        "EVENTO": "INFO",
        "DESCRIPCION": "Inicio de simulacion",
        "TOTAL": "3",
        "LED1": "OFF",
        "LED2": "OFF",
        "LED3": "OFF"
    },
    {
        "ID": "2",
        "TIMESTAMP": "4105",
        "FECHA": "14/05/2025",
        "HORA": "00:00:04",
        "HORA_PC": "09:10:54",
        "EVENTO": "SALIDA",
        "DESCRIPCION": "SALE PERSONA",
        "TOTAL": "2",
        "LED1": "ON",
        "LED2": "OFF",
        "LED3": "OFF"
    },
    {
        "ID": "1",
        "TIMESTAMP": "0",
        "FECHA": "14/05/2025",
        "HORA": "00:00:00",
        "HORA_PC": "09:11:30",
        "EVENTO": "INFO",
        "DESCRIPCION": "Inicio de simulacion",
        "TOTAL": "3",
        "LED1": "OFF",
        "LED2": "OFF",
        "LED3": "OFF"
    },
    {
        "ID": "2",
        "TIMESTAMP": "25105",
        "FECHA": "14/05/2025",
        "HORA": "00:00:25",
        "HORA_PC": "09:11:54",
        "EVENTO": "ERROR",
        "DESCRIPCION": "NO SE DETECTO SEGUNDO SENSOR",
        "TOTAL": "3",
        "LED1": "ON",
        "LED2": "OFF",
        "LED3": "OFF"
    },
    {
        "ID": "3",
        "TIMESTAMP": "28223",
        "FECHA": "14/05/2025",
        "HORA": "00:00:28",
        "HORA_PC": "09:11:56",
        "EVENTO": "ERROR",
        "DESCRIPCION": "NO SE DETECTO SEGUNDO SENSOR",
        "TOTAL": "3",
        "LED1": "ON",
        "LED2": "OFF",
        "LED3": "OFF"
    },
    {
        "ID": "4",
        "TIMESTAMP": "32340",
        "FECHA": "14/05/2025",
        "HORA": "00:00:32",
        "HORA_PC": "09:12:00",
        "EVENTO": "ERROR",
        "DESCRIPCION": "NO SE DETECTO SEGUNDO SENSOR",
        "TOTAL": "3",
        "LED1": "ON",
        "LED2": "OFF",
        "LED3": "OFF"
    },
    {
        "ID": "5",
        "TIMESTAMP": "36458",
        "FECHA": "14/05/2025",
        "HORA": "00:00:36",
        "HORA_PC": "09:12:04",
        "EVENTO": "SALIDA",
        "DESCRIPCION": "SALE PERSONA",
        "TOTAL": "2",
        "LED1": "ON",
        "LED2": "OFF",
        "LED3": "OFF"
    },
    {
        "ID": "6",
        "TIMESTAMP": "40560",
        "FECHA": "14/05/2025",
        "HORA": "00:00:40",
        "HORA_PC": "09:12:08",
        "EVENTO": "SALIDA",
        "DESCRIPCION": "SALE PERSONA",
        "TOTAL": "1",
        "LED1": "ON",
        "LED2": "OFF",
        "LED3": "OFF"
    },
    {
        "ID": "7",
        "TIMESTAMP": "43662",
        "FECHA": "14/05/2025",
        "HORA": "00:00:43",
        "HORA_PC": "09:12:12",
        "EVENTO": "SALIDA",
        "DESCRIPCION": "SALE PERSONA",
        "TOTAL": "0",
        "LED1": "ON",
        "LED2": "OFF",
        "LED3": "OFF"
    },
    {
        "ID": "8",
        "TIMESTAMP": "48764",
        "FECHA": "14/05/2025",
        "HORA": "00:00:48",
        "HORA_PC": "09:12:18",
        "EVENTO": "ENTRADA",
        "DESCRIPCION": "ENTRA PERSONA",
        "TOTAL": "1",
        "LED1": "OFF",
        "LED2": "OFF",
        "LED3": "OFF"
    },
    {
        "ID": "9",
        "TIMESTAMP": "52870",
        "FECHA": "14/05/2025",
        "HORA": "00:00:52",
        "HORA_PC": "09:12:22",
        "EVENTO": "ENTRADA",
        "DESCRIPCION": "ENTRA PERSONA",
        "TOTAL": "2",
        "LED1": "ON",
        "LED2": "OFF",
        "LED3": "OFF"
    },
    {
        "ID": "10",
        "TIMESTAMP": "56974",
        "FECHA": "14/05/2025",
        "HORA": "00:00:56",
        "HORA_PC": "09:12:26",
        "EVENTO": "ENTRADA",
        "DESCRIPCION": "ENTRA PERSONA",
        "TOTAL": "3",
        "LED1": "ON",
        "LED2": "OFF",
        "LED3": "OFF"
    },
    {
        "ID": "11",
        "TIMESTAMP": "60079",
        "FECHA": "14/05/2025",
        "HORA": "00:01:00",
        "HORA_PC": "09:12:28",
        "EVENTO": "ENTRADA",
        "DESCRIPCION": "ENTRA PERSONA",
        "TOTAL": "4",
        "LED1": "ON",
        "LED2": "OFF",
        "LED3": "OFF"
    },
    {
        "ID": "12",
        "TIMESTAMP": "64184",
        "FECHA": "14/05/2025",
        "HORA": "00:01:04",
        "HORA_PC": "09:12:32",
        "EVENTO": "SALIDA",
        "DESCRIPCION": "SALE PERSONA",
        "TOTAL": "3",
        "LED1": "ON",
        "LED2": "ON",
        "LED3": "OFF"
    },
    {
        "ID": "13",
        "TIMESTAMP": "70286",
        "FECHA": "14/05/2025",
        "HORA": "00:01:10",
        "HORA_PC": "09:12:38",
        "EVENTO": "ERROR",
        "DESCRIPCION": "NO SE DETECTO SEGUNDO SENSOR",
        "TOTAL": "3",
        "LED1": "ON",
        "LED2": "OFF",
        "LED3": "OFF"
    },
    {
        "ID": "14",
        "TIMESTAMP": "72404",
        "FECHA": "14/05/2025",
        "HORA": "00:01:12",
        "HORA_PC": "09:12:40",
        "EVENTO": "SALIDA",
        "DESCRIPCION": "SALE PERSONA",
        "TOTAL": "2",
        "LED1": "ON",
        "LED2": "OFF",
        "LED3": "OFF"
    },
    {
        "ID": "15",
        "TIMESTAMP": "78509",
        "FECHA": "14/05/2025",
        "HORA": "00:01:18",
        "HORA_PC": "09:12:46",
        "EVENTO": "ERROR",
        "DESCRIPCION": "NO SE DETECTO SEGUNDO SENSOR",
        "TOTAL": "2",
        "LED1": "ON",
        "LED2": "OFF",
        "LED3": "OFF"
    },
    {
        "ID": "16",
        "TIMESTAMP": "82627",
        "FECHA": "14/05/2025",
        "HORA": "00:01:22",
        "HORA_PC": "09:12:52",
        "EVENTO": "ENTRADA",
        "DESCRIPCION": "ENTRA PERSONA",
        "TOTAL": "3",
        "LED1": "ON",
        "LED2": "OFF",
        "LED3": "OFF"
    },
    {
        "ID": "17",
        "TIMESTAMP": "88732",
        "FECHA": "14/05/2025",
        "HORA": "00:01:28",
        "HORA_PC": "09:12:58",
        "EVENTO": "ERROR",
        "DESCRIPCION": "NO SE DETECTO SEGUNDO SENSOR",
        "TOTAL": "3",
        "LED1": "ON",
        "LED2": "OFF",
        "LED3": "OFF"
    },
    {
        "ID": "18",
        "TIMESTAMP": "90851",
        "FECHA": "14/05/2025",
        "HORA": "00:01:30",
        "HORA_PC": "09:13:00",
        "EVENTO": "ENTRADA",
        "DESCRIPCION": "ENTRA PERSONA",
        "TOTAL": "4",
        "LED1": "ON",
        "LED2": "OFF",
        "LED3": "OFF"
    },
    {
        "ID": "19",
        "TIMESTAMP": "94956",
        "FECHA": "14/05/2025",
        "HORA": "00:01:34",
        "HORA_PC": "09:13:04",
        "EVENTO": "ENTRADA",
        "DESCRIPCION": "ENTRA PERSONA",
        "TOTAL": "5",
        "LED1": "ON",
        "LED2": "ON",
        "LED3": "OFF"
    },
    {
        "ID": "20",
        "TIMESTAMP": "100061",
        "FECHA": "14/05/2025",
        "HORA": "00:01:40",
        "HORA_PC": "09:13:08",
        "EVENTO": "ENTRADA",
        "DESCRIPCION": "ENTRA PERSONA",
        "TOTAL": "6",
        "LED1": "ON",
        "LED2": "ON",
        "LED3": "OFF"
    },
    {
        "ID": "21",
        "TIMESTAMP": "106166",
        "FECHA": "14/05/2025",
        "HORA": "00:01:46",
        "HORA_PC": "09:13:14",
        "EVENTO": "ERROR",
        "DESCRIPCION": "NO SE DETECTO SEGUNDO SENSOR",
        "TOTAL": "6",
        "LED1": "ON",
        "LED2": "ON",
        "LED3": "OFF"
    },
    {
        "ID": "22",
        "TIMESTAMP": "110284",
        "FECHA": "14/05/2025",
        "HORA": "00:01:50",
        "HORA_PC": "09:13:18",
        "EVENTO": "ERROR",
        "DESCRIPCION": "NO SE DETECTO SEGUNDO SENSOR",
        "TOTAL": "6",
        "LED1": "ON",
        "LED2": "ON",
        "LED3": "OFF"
    },
    {
        "ID": "23",
        "TIMESTAMP": "115403",
        "FECHA": "14/05/2025",
        "HORA": "00:01:55",
        "HORA_PC": "09:13:24",
        "EVENTO": "ENTRADA",
        "DESCRIPCION": "ENTRA PERSONA",
        "TOTAL": "7",
        "LED1": "ON",
        "LED2": "ON",
        "LED3": "OFF"
    },
    {
        "ID": "24",
        "TIMESTAMP": "118508",
        "FECHA": "14/05/2025",
        "HORA": "00:01:58",
        "HORA_PC": "09:13:26",
        "EVENTO": "ENTRADA",
        "DESCRIPCION": "ENTRA PERSONA",
        "TOTAL": "8",
        "LED1": "ON",
        "LED2": "ON",
        "LED3": "OFF"
    },
    {
        "ID": "25",
        "TIMESTAMP": "124613",
        "FECHA": "14/05/2025",
        "HORA": "00:02:04",
        "HORA_PC": "09:13:34",
        "EVENTO": "SALIDA",
        "DESCRIPCION": "SALE PERSONA",
        "TOTAL": "7",
        "LED1": "ON",
        "LED2": "ON",
        "LED3": "ON"
    },
    {
        "ID": "26",
        "TIMESTAMP": "128715",
        "FECHA": "14/05/2025",
        "HORA": "00:02:08",
        "HORA_PC": "09:13:38",
        "EVENTO": "SALIDA",
        "DESCRIPCION": "SALE PERSONA",
        "TOTAL": "6",
        "LED1": "ON",
        "LED2": "ON",
        "LED3": "OFF"
    },
    {
        "ID": "27",
        "TIMESTAMP": "132818",
        "FECHA": "14/05/2025",
        "HORA": "00:02:12",
        "HORA_PC": "09:13:42",
        "EVENTO": "ENTRADA",
        "DESCRIPCION": "ENTRA PERSONA",
        "TOTAL": "7",
        "LED1": "ON",
        "LED2": "ON",
        "LED3": "OFF"
    },
    {
        "ID": "28",
        "TIMESTAMP": "136924",
        "FECHA": "14/05/2025",
        "HORA": "00:02:16",
        "HORA_PC": "09:13:46",
        "EVENTO": "ENTRADA",
        "DESCRIPCION": "ENTRA PERSONA",
        "TOTAL": "8",
        "LED1": "ON",
        "LED2": "ON",
        "LED3": "OFF"
    },
    {
        "ID": "29",
        "TIMESTAMP": "140029",
        "FECHA": "14/05/2025",
        "HORA": "00:02:20",
        "HORA_PC": "09:13:48",
        "EVENTO": "ENTRADA",
        "DESCRIPCION": "ENTRA PERSONA",
        "TOTAL": "9",
        "LED1": "ON",
        "LED2": "ON",
        "LED3": "ON"
    },
    {
        "ID": "30",
        "TIMESTAMP": "144134",
        "FECHA": "14/05/2025",
        "HORA": "00:02:24",
        "HORA_PC": "09:13:52",
        "EVENTO": "SALIDA",
        "DESCRIPCION": "SALE PERSONA",
        "TOTAL": "8",
        "LED1": "ON",
        "LED2": "ON",
        "LED3": "ON"
    },
    {
        "ID": "31",
        "TIMESTAMP": "150236",
        "FECHA": "14/05/2025",
        "HORA": "00:02:30",
        "HORA_PC": "09:13:58",
        "EVENTO": "ERROR",
        "DESCRIPCION": "NO SE DETECTO SEGUNDO SENSOR",
        "TOTAL": "8",
        "LED1": "ON",
        "LED2": "ON",
        "LED3": "ON"
    },
    {
        "ID": "32",
        "TIMESTAMP": "153353",
        "FECHA": "14/05/2025",
        "HORA": "00:02:33",
        "HORA_PC": "09:14:02",
        "EVENTO": "ENTRADA",
        "DESCRIPCION": "ENTRA PERSONA",
        "TOTAL": "9",
        "LED1": "ON",
        "LED2": "ON",
        "LED3": "ON"
    },
    {
        "ID": "33",
        "TIMESTAMP": "156457",
        "FECHA": "14/05/2025",
        "HORA": "00:02:36",
        "HORA_PC": "09:14:04",
        "EVENTO": "ENTRADA",
        "DESCRIPCION": "ENTRA PERSONA",
        "TOTAL": "10",
        "LED1": "ON",
        "LED2": "ON",
        "LED3": "ON"
    },
    {
        "ID": "34",
        "TIMESTAMP": "162563",
        "FECHA": "14/05/2025",
        "HORA": "00:02:42",
        "HORA_PC": "09:14:10",
        "EVENTO": "ERROR",
        "DESCRIPCION": "NO SE DETECTO SEGUNDO SENSOR",
        "TOTAL": "10",
        "LED1": "ON",
        "LED2": "ON",
        "LED3": "ON"
    },
    {
        "ID": "35",
        "TIMESTAMP": "169681",
        "FECHA": "14/05/2025",
        "HORA": "00:02:49",
        "HORA_PC": "09:14:18",
        "EVENTO": "SALIDA",
        "DESCRIPCION": "SALE PERSONA",
        "TOTAL": "9",
        "LED1": "ON",
        "LED2": "ON",
        "LED3": "ON"
    },
    {
        "ID": "36",
        "TIMESTAMP": "173784",
        "FECHA": "14/05/2025",
        "HORA": "00:02:53",
        "HORA_PC": "09:14:22",
        "EVENTO": "SALIDA",
        "DESCRIPCION": "SALE PERSONA",
        "TOTAL": "8",
        "LED1": "ON",
        "LED2": "ON",
        "LED3": "ON"
    },
    {
        "ID": "37",
        "TIMESTAMP": "176885",
        "FECHA": "14/05/2025",
        "HORA": "00:02:56",
        "HORA_PC": "09:14:24",
        "EVENTO": "SALIDA",
        "DESCRIPCION": "SALE PERSONA",
        "TOTAL": "7",
        "LED1": "ON",
        "LED2": "ON",
        "LED3": "ON"
    },
    {
        "ID": "38",
        "TIMESTAMP": "180987",
        "FECHA": "14/05/2025",
        "HORA": "00:03:00",
        "HORA_PC": "09:14:28",
        "EVENTO": "INFO",
        "DESCRIPCION": "Fin de simulacion",
        "TOTAL": "7",
        "LED1": "ON",
        "LED2": "ON",
        "LED3": "OFF"
    },
    {
        "ID": "1",
        "TIMESTAMP": "0",
        "FECHA": "14/05/2025",
        "HORA": "00:00:00",
        "HORA_PC": "09:16:13",
        "EVENTO": "INFO",
        "DESCRIPCION": "Inicio de simulacion",
        "TOTAL": "3",
        "LED1": "OFF",
        "LED2": "OFF",
        "LED3": "OFF"
    },
    {
        "ID": "2",
        "TIMESTAMP": "16105",
        "FECHA": "14/05/2025",
        "HORA": "00:00:16",
        "HORA_PC": "09:16:27",
        "EVENTO": "ENTRADA",
        "DESCRIPCION": "ENTRA PERSONA",
        "TOTAL": "4",
        "LED1": "ON",
        "LED2": "OFF",
        "LED3": "OFF"
    },
    {
        "ID": "3",
        "TIMESTAMP": "20209",
        "FECHA": "14/05/2025",
        "HORA": "00:00:20",
        "HORA_PC": "09:16:31",
        "EVENTO": "SALIDA",
        "DESCRIPCION": "SALE PERSONA",
        "TOTAL": "3",
        "LED1": "ON",
        "LED2": "ON",
        "LED3": "OFF"
    },
    {
        "ID": "4",
        "TIMESTAMP": "24310",
        "FECHA": "14/05/2025",
        "HORA": "00:00:24",
        "HORA_PC": "09:16:35",
        "EVENTO": "SALIDA",
        "DESCRIPCION": "SALE PERSONA",
        "TOTAL": "2",
        "LED1": "ON",
        "LED2": "OFF",
        "LED3": "OFF"
    },
    {
        "ID": "5",
        "TIMESTAMP": "30412",
        "FECHA": "14/05/2025",
        "HORA": "00:00:30",
        "HORA_PC": "09:16:41",
        "EVENTO": "ERROR",
        "DESCRIPCION": "NO SE DETECTO SEGUNDO SENSOR",
        "TOTAL": "2",
        "LED1": "ON",
        "LED2": "OFF",
        "LED3": "OFF"
    },
    {
        "ID": "6",
        "TIMESTAMP": "33530",
        "FECHA": "14/05/2025",
        "HORA": "00:00:33",
        "HORA_PC": "09:16:43",
        "EVENTO": "SALIDA",
        "DESCRIPCION": "SALE PERSONA",
        "TOTAL": "1",
        "LED1": "ON",
        "LED2": "OFF",
        "LED3": "OFF"
    },
    {
        "ID": "7",
        "TIMESTAMP": "36632",
        "FECHA": "14/05/2025",
        "HORA": "00:00:36",
        "HORA_PC": "09:16:47",
        "EVENTO": "SALIDA",
        "DESCRIPCION": "SALE PERSONA",
        "TOTAL": "0",
        "LED1": "ON",
        "LED2": "OFF",
        "LED3": "OFF"
    },
    {
        "ID": "8",
        "TIMESTAMP": "41735",
        "FECHA": "14/05/2025",
        "HORA": "00:00:41",
        "HORA_PC": "09:16:51",
        "EVENTO": "SALIDA",
        "DESCRIPCION": "SALE PERSONA",
        "TOTAL": "0",
        "LED1": "OFF",
        "LED2": "OFF",
        "LED3": "OFF"
    },
    {
        "ID": "9",
        "TIMESTAMP": "45838",
        "FECHA": "14/05/2025",
        "HORA": "00:00:45",
        "HORA_PC": "09:16:55",
        "EVENTO": "SALIDA",
        "DESCRIPCION": "SALE PERSONA",
        "TOTAL": "0",
        "LED1": "OFF",
        "LED2": "OFF",
        "LED3": "OFF"
    },
    {
        "ID": "10",
        "TIMESTAMP": "49940",
        "FECHA": "14/05/2025",
        "HORA": "00:00:49",
        "HORA_PC": "09:16:59",
        "EVENTO": "ERROR",
        "DESCRIPCION": "NO SE DETECTO SEGUNDO SENSOR",
        "TOTAL": "0",
        "LED1": "OFF",
        "LED2": "OFF",
        "LED3": "OFF"
    },
    {
        "ID": "11",
        "TIMESTAMP": "56060",
        "FECHA": "14/05/2025",
        "HORA": "00:00:56",
        "HORA_PC": "09:17:05",
        "EVENTO": "ERROR",
        "DESCRIPCION": "NO SE DETECTO SEGUNDO SENSOR",
        "TOTAL": "0",
        "LED1": "OFF",
        "LED2": "OFF",
        "LED3": "OFF"
    },
    {
        "ID": "12",
        "TIMESTAMP": "60180",
        "FECHA": "14/05/2025",
        "HORA": "00:01:00",
        "HORA_PC": "09:17:11",
        "EVENTO": "ERROR",
        "DESCRIPCION": "NO SE DETECTO SEGUNDO SENSOR",
        "TOTAL": "0",
        "LED1": "OFF",
        "LED2": "OFF",
        "LED3": "OFF"
    },
    {
        "ID": "13",
        "TIMESTAMP": "64300",
        "FECHA": "14/05/2025",
        "HORA": "00:01:04",
        "HORA_PC": "09:17:15",
        "EVENTO": "SALIDA",
        "DESCRIPCION": "SALE PERSONA",
        "TOTAL": "0",
        "LED1": "OFF",
        "LED2": "OFF",
        "LED3": "OFF"
    },
    {
        "ID": "14",
        "TIMESTAMP": "69404",
        "FECHA": "14/05/2025",
        "HORA": "00:01:09",
        "HORA_PC": "09:17:19",
        "EVENTO": "ENTRADA",
        "DESCRIPCION": "ENTRA PERSONA",
        "TOTAL": "1",
        "LED1": "OFF",
        "LED2": "OFF",
        "LED3": "OFF"
    },
    {
        "ID": "15",
        "TIMESTAMP": "72510",
        "FECHA": "14/05/2025",
        "HORA": "00:01:12",
        "HORA_PC": "09:17:23",
        "EVENTO": "ENTRADA",
        "DESCRIPCION": "ENTRA PERSONA",
        "TOTAL": "2",
        "LED1": "ON",
        "LED2": "OFF",
        "LED3": "OFF"
    },
    {
        "ID": "16",
        "TIMESTAMP": "76615",
        "FECHA": "14/05/2025",
        "HORA": "00:01:16",
        "HORA_PC": "09:17:27",
        "EVENTO": "ENTRADA",
        "DESCRIPCION": "ENTRA PERSONA",
        "TOTAL": "3",
        "LED1": "ON",
        "LED2": "OFF",
        "LED3": "OFF"
    },
    {
        "ID": "17",
        "TIMESTAMP": "80720",
        "FECHA": "14/05/2025",
        "HORA": "00:01:20",
        "HORA_PC": "09:17:31",
        "EVENTO": "ENTRADA",
        "DESCRIPCION": "ENTRA PERSONA",
        "TOTAL": "4",
        "LED1": "ON",
        "LED2": "OFF",
        "LED3": "OFF"
    },
    {
        "ID": "18",
        "TIMESTAMP": "84826",
        "FECHA": "14/05/2025",
        "HORA": "00:01:24",
        "HORA_PC": "09:17:35",
        "EVENTO": "ENTRADA",
        "DESCRIPCION": "ENTRA PERSONA",
        "TOTAL": "5",
        "LED1": "ON",
        "LED2": "ON",
        "LED3": "OFF"
    },
    {
        "ID": "19",
        "TIMESTAMP": "87930",
        "FECHA": "14/05/2025",
        "HORA": "00:01:27",
        "HORA_PC": "09:17:37",
        "EVENTO": "ENTRADA",
        "DESCRIPCION": "ENTRA PERSONA",
        "TOTAL": "6",
        "LED1": "ON",
        "LED2": "ON",
        "LED3": "OFF"
    },
    {
        "ID": "20",
        "TIMESTAMP": "93034",
        "FECHA": "14/05/2025",
        "HORA": "00:01:33",
        "HORA_PC": "09:17:43",
        "EVENTO": "ENTRADA",
        "DESCRIPCION": "ENTRA PERSONA",
        "TOTAL": "7",
        "LED1": "ON",
        "LED2": "ON",
        "LED3": "OFF"
    },
    {
        "ID": "21",
        "TIMESTAMP": "96139",
        "FECHA": "14/05/2025",
        "HORA": "00:01:36",
        "HORA_PC": "09:17:47",
        "EVENTO": "ERROR",
        "DESCRIPCION": "NO SE DETECTO SEGUNDO SENSOR",
        "TOTAL": "7",
        "LED1": "ON",
        "LED2": "ON",
        "LED3": "OFF"
    },
    {
        "ID": "22",
        "TIMESTAMP": "100256",
        "FECHA": "14/05/2025",
        "HORA": "00:01:40",
        "HORA_PC": "09:17:51",
        "EVENTO": "ERROR",
        "DESCRIPCION": "NO SE DETECTO SEGUNDO SENSOR",
        "TOTAL": "7",
        "LED1": "ON",
        "LED2": "ON",
        "LED3": "OFF"
    },
    {
        "ID": "23",
        "TIMESTAMP": "103374",
        "FECHA": "14/05/2025",
        "HORA": "00:01:43",
        "HORA_PC": "09:17:53",
        "EVENTO": "ENTRADA",
        "DESCRIPCION": "ENTRA PERSONA",
        "TOTAL": "8",
        "LED1": "ON",
        "LED2": "ON",
        "LED3": "OFF"
    },
    {
        "ID": "24",
        "TIMESTAMP": "108480",
        "FECHA": "14/05/2025",
        "HORA": "00:01:48",
        "HORA_PC": "09:17:59",
        "EVENTO": "ERROR",
        "DESCRIPCION": "NO SE DETECTO SEGUNDO SENSOR",
        "TOTAL": "8",
        "LED1": "ON",
        "LED2": "ON",
        "LED3": "ON"
    },
    {
        "ID": "25",
        "TIMESTAMP": "111597",
        "FECHA": "14/05/2025",
        "HORA": "00:01:51",
        "HORA_PC": "09:18:01",
        "EVENTO": "ENTRADA",
        "DESCRIPCION": "ENTRA PERSONA",
        "TOTAL": "9",
        "LED1": "ON",
        "LED2": "ON",
        "LED3": "ON"
    },
    {
        "ID": "26",
        "TIMESTAMP": "114702",
        "FECHA": "14/05/2025",
        "HORA": "00:01:54",
        "HORA_PC": "09:18:05",
        "EVENTO": "ERROR",
        "DESCRIPCION": "NO SE DETECTO SEGUNDO SENSOR",
        "TOTAL": "9",
        "LED1": "ON",
        "LED2": "ON",
        "LED3": "ON"
    },
    {
        "ID": "27",
        "TIMESTAMP": "120819",
        "FECHA": "14/05/2025",
        "HORA": "00:02:00",
        "HORA_PC": "09:18:11",
        "EVENTO": "ERROR",
        "DESCRIPCION": "NO SE DETECTO SEGUNDO SENSOR",
        "TOTAL": "9",
        "LED1": "ON",
        "LED2": "ON",
        "LED3": "ON"
    },
    {
        "ID": "28",
        "TIMESTAMP": "124937",
        "FECHA": "14/05/2025",
        "HORA": "00:02:04",
        "HORA_PC": "09:18:15",
        "EVENTO": "ERROR",
        "DESCRIPCION": "NO SE DETECTO SEGUNDO SENSOR",
        "TOTAL": "9",
        "LED1": "ON",
        "LED2": "ON",
        "LED3": "ON"
    },
    {
        "ID": "29",
        "TIMESTAMP": "128055",
        "FECHA": "14/05/2025",
        "HORA": "00:02:08",
        "HORA_PC": "09:18:17",
        "EVENTO": "ERROR",
        "DESCRIPCION": "NO SE DETECTO SEGUNDO SENSOR",
        "TOTAL": "9",
        "LED1": "ON",
        "LED2": "ON",
        "LED3": "ON"
    },
    {
        "ID": "30",
        "TIMESTAMP": "132172",
        "FECHA": "14/05/2025",
        "HORA": "00:02:12",
        "HORA_PC": "09:18:23",
        "EVENTO": "ERROR",
        "DESCRIPCION": "NO SE DETECTO SEGUNDO SENSOR",
        "TOTAL": "9",
        "LED1": "ON",
        "LED2": "ON",
        "LED3": "ON"
    },
    {
        "ID": "31",
        "TIMESTAMP": "135289",
        "FECHA": "14/05/2025",
        "HORA": "00:02:15",
        "HORA_PC": "09:18:25",
        "EVENTO": "SALIDA",
        "DESCRIPCION": "SALE PERSONA",
        "TOTAL": "8",
        "LED1": "ON",
        "LED2": "ON",
        "LED3": "ON"
    },
    {
        "ID": "32",
        "TIMESTAMP": "140392",
        "FECHA": "14/05/2025",
        "HORA": "00:02:20",
        "HORA_PC": "09:18:31",
        "EVENTO": "ERROR",
        "DESCRIPCION": "NO SE DETECTO SEGUNDO SENSOR",
        "TOTAL": "8",
        "LED1": "ON",
        "LED2": "ON",
        "LED3": "ON"
    },
    {
        "ID": "33",
        "TIMESTAMP": "144509",
        "FECHA": "14/05/2025",
        "HORA": "00:02:24",
        "HORA_PC": "09:18:46",
        "EVENTO": "SALIDA",
        "DESCRIPCION": "SALE PERSONA",
        "TOTAL": "7",
        "LED1": "ON",
        "LED2": "ON",
        "LED3": "ON"
    },
    {
        "ID": "34",
        "TIMESTAMP": "148612",
        "FECHA": "14/05/2025",
        "HORA": "00:02:28",
        "HORA_PC": "09:18:48",
        "EVENTO": "ENTRADA",
        "DESCRIPCION": "ENTRA PERSONA",
        "TOTAL": "8",
        "LED1": "ON",
        "LED2": "ON",
        "LED3": "OFF"
    },
    {
        "ID": "35",
        "TIMESTAMP": "152717",
        "FECHA": "14/05/2025",
        "HORA": "00:02:32",
        "HORA_PC": "09:18:50",
        "EVENTO": "ENTRADA",
        "DESCRIPCION": "ENTRA PERSONA",
        "TOTAL": "9",
        "LED1": "ON",
        "LED2": "ON",
        "LED3": "ON"
    },
    {
        "ID": "36",
        "TIMESTAMP": "159821",
        "FECHA": "14/05/2025",
        "HORA": "00:02:39",
        "HORA_PC": "09:18:52",
        "EVENTO": "ERROR",
        "DESCRIPCION": "NO SE DETECTO SEGUNDO SENSOR",
        "TOTAL": "9",
        "LED1": "ON",
        "LED2": "ON",
        "LED3": "ON"
    },
    {
        "ID": "37",
        "TIMESTAMP": "161939",
        "FECHA": "14/05/2025",
        "HORA": "00:02:41",
        "HORA_PC": "09:18:54",
        "EVENTO": "ENTRADA",
        "DESCRIPCION": "ENTRA PERSONA",
        "TOTAL": "10",
        "LED1": "ON",
        "LED2": "ON",
        "LED3": "ON"
    },
    {
        "ID": "38",
        "TIMESTAMP": "166044",
        "FECHA": "14/05/2025",
        "HORA": "00:02:46",
        "HORA_PC": "09:18:56",
        "EVENTO": "ENTRADA",
        "DESCRIPCION": "ENTRA PERSONA",
        "TOTAL": "11",
        "LED1": "ON",
        "LED2": "ON",
        "LED3": "ON"
    },
    {
        "ID": "39",
        "TIMESTAMP": "170149",
        "FECHA": "14/05/2025",
        "HORA": "00:02:50",
        "HORA_PC": "09:19:00",
        "EVENTO": "SALIDA",
        "DESCRIPCION": "SALE PERSONA",
        "TOTAL": "10",
        "LED1": "ON",
        "LED2": "ON",
        "LED3": "ON"
    },
    {
        "ID": "40",
        "TIMESTAMP": "174253",
        "FECHA": "14/05/2025",
        "HORA": "00:02:54",
        "HORA_PC": "09:19:04",
        "EVENTO": "SALIDA",
        "DESCRIPCION": "SALE PERSONA",
        "TOTAL": "9",
        "LED1": "ON",
        "LED2": "ON",
        "LED3": "ON"
    },
    {
        "ID": "41",
        "TIMESTAMP": "179354",
        "FECHA": "14/05/2025",
        "HORA": "00:02:59",
        "HORA_PC": "09:19:10",
        "EVENTO": "SALIDA",
        "DESCRIPCION": "SALE PERSONA",
        "TOTAL": "8",
        "LED1": "ON",
        "LED2": "ON",
        "LED3": "ON"
    },
    {
        "ID": "42",
        "TIMESTAMP": "180457",
        "FECHA": "14/05/2025",
        "HORA": "00:03:00",
        "HORA_PC": "09:19:12",
        "EVENTO": "INFO",
        "DESCRIPCION": "Fin de simulacion",
        "TOTAL": "8",
        "LED1": "ON",
        "LED2": "ON",
        "LED3": "ON"
    },
    {
        "ID": "1",
        "TIMESTAMP": "0",
        "FECHA": "14/05/2025",
        "HORA": "00:00:00",
        "HORA_PC": "09:50:01",
        "EVENTO": "INFO",
        "DESCRIPCION": "Inicio de simulacion",
        "TOTAL": "3",
        "LED1": "OFF",
        "LED2": "OFF",
        "LED3": "OFF"
    },
    {
        "ID": "2",
        "TIMESTAMP": "12104",
        "FECHA": "14/05/2025",
        "HORA": "00:00:12",
        "HORA_PC": "09:50:12",
        "EVENTO": "ENTRADA",
        "DESCRIPCION": "ENTRA PERSONA",
        "TOTAL": "4",
        "LED1": "ON",
        "LED2": "OFF",
        "LED3": "OFF"
    },
    {
        "ID": "3",
        "TIMESTAMP": "16208",
        "FECHA": "14/05/2025",
        "HORA": "00:00:16",
        "HORA_PC": "09:50:16",
        "EVENTO": "ENTRADA",
        "DESCRIPCION": "ENTRA PERSONA",
        "TOTAL": "5",
        "LED1": "ON",
        "LED2": "ON",
        "LED3": "OFF"
    },
    {
        "ID": "4",
        "TIMESTAMP": "22312",
        "FECHA": "14/05/2025",
        "HORA": "00:00:22",
        "HORA_PC": "09:50:22",
        "EVENTO": "ERROR",
        "DESCRIPCION": "NO SE DETECTO SEGUNDO SENSOR",
        "TOTAL": "5",
        "LED1": "ON",
        "LED2": "ON",
        "LED3": "OFF"
    },
    {
        "ID": "5",
        "TIMESTAMP": "25428",
        "FECHA": "14/05/2025",
        "HORA": "00:00:25",
        "HORA_PC": "09:50:24",
        "EVENTO": "ENTRADA",
        "DESCRIPCION": "ENTRA PERSONA",
        "TOTAL": "6",
        "LED1": "ON",
        "LED2": "ON",
        "LED3": "OFF"
    },
    {
        "ID": "6",
        "TIMESTAMP": "30532",
        "FECHA": "14/05/2025",
        "HORA": "00:00:30",
        "HORA_PC": "09:50:30",
        "EVENTO": "ERROR",
        "DESCRIPCION": "NO SE DETECTO SEGUNDO SENSOR",
        "TOTAL": "6",
        "LED1": "ON",
        "LED2": "ON",
        "LED3": "OFF"
    },
    {
        "ID": "7",
        "TIMESTAMP": "34649",
        "FECHA": "14/05/2025",
        "HORA": "00:00:34",
        "HORA_PC": "09:50:34",
        "EVENTO": "ERROR",
        "DESCRIPCION": "NO SE DETECTO SEGUNDO SENSOR",
        "TOTAL": "6",
        "LED1": "ON",
        "LED2": "ON",
        "LED3": "OFF"
    },
    {
        "ID": "8",
        "TIMESTAMP": "38765",
        "FECHA": "14/05/2025",
        "HORA": "00:00:38",
        "HORA_PC": "09:50:38",
        "EVENTO": "ERROR",
        "DESCRIPCION": "NO SE DETECTO SEGUNDO SENSOR",
        "TOTAL": "6",
        "LED1": "ON",
        "LED2": "ON",
        "LED3": "OFF"
    },
    {
        "ID": "9",
        "TIMESTAMP": "44881",
        "FECHA": "14/05/2025",
        "HORA": "00:00:44",
        "HORA_PC": "09:50:44",
        "EVENTO": "ERROR",
        "DESCRIPCION": "NO SE DETECTO SEGUNDO SENSOR",
        "TOTAL": "6",
        "LED1": "ON",
        "LED2": "ON",
        "LED3": "OFF"
    },
    {
        "ID": "10",
        "TIMESTAMP": "48998",
        "FECHA": "14/05/2025",
        "HORA": "00:00:48",
        "HORA_PC": "09:50:48",
        "EVENTO": "SALIDA",
        "DESCRIPCION": "SALE PERSONA",
        "TOTAL": "5",
        "LED1": "ON",
        "LED2": "ON",
        "LED3": "OFF"
    },
    {
        "ID": "11",
        "TIMESTAMP": "56100",
        "FECHA": "14/05/2025",
        "HORA": "00:00:56",
        "HORA_PC": "09:50:56",
        "EVENTO": "ERROR",
        "DESCRIPCION": "NO SE DETECTO SEGUNDO SENSOR",
        "TOTAL": "5",
        "LED1": "ON",
        "LED2": "ON",
        "LED3": "OFF"
    },
    {
        "ID": "12",
        "TIMESTAMP": "60218",
        "FECHA": "14/05/2025",
        "HORA": "00:01:00",
        "HORA_PC": "09:51:00",
        "EVENTO": "SALIDA",
        "DESCRIPCION": "SALE PERSONA",
        "TOTAL": "4",
        "LED1": "ON",
        "LED2": "ON",
        "LED3": "OFF"
    },
    {
        "ID": "13",
        "TIMESTAMP": "67320",
        "FECHA": "14/05/2025",
        "HORA": "00:01:07",
        "HORA_PC": "09:51:06",
        "EVENTO": "ERROR",
        "DESCRIPCION": "NO SE DETECTO SEGUNDO SENSOR",
        "TOTAL": "4",
        "LED1": "ON",
        "LED2": "ON",
        "LED3": "OFF"
    },
    {
        "ID": "14",
        "TIMESTAMP": "71438",
        "FECHA": "14/05/2025",
        "HORA": "00:01:11",
        "HORA_PC": "09:51:10",
        "EVENTO": "ERROR",
        "DESCRIPCION": "NO SE DETECTO SEGUNDO SENSOR",
        "TOTAL": "4",
        "LED1": "ON",
        "LED2": "ON",
        "LED3": "OFF"
    },
    {
        "ID": "15",
        "TIMESTAMP": "73555",
        "FECHA": "14/05/2025",
        "HORA": "00:01:13",
        "HORA_PC": "09:51:12",
        "EVENTO": "SALIDA",
        "DESCRIPCION": "SALE PERSONA",
        "TOTAL": "3",
        "LED1": "ON",
        "LED2": "ON",
        "LED3": "OFF"
    },
    {
        "ID": "16",
        "TIMESTAMP": "77658",
        "FECHA": "14/05/2025",
        "HORA": "00:01:17",
        "HORA_PC": "09:51:16",
        "EVENTO": "SALIDA",
        "DESCRIPCION": "SALE PERSONA",
        "TOTAL": "2",
        "LED1": "ON",
        "LED2": "OFF",
        "LED3": "OFF"
    },
    {
        "ID": "17",
        "TIMESTAMP": "83761",
        "FECHA": "14/05/2025",
        "HORA": "00:01:23",
        "HORA_PC": "09:51:22",
        "EVENTO": "ERROR",
        "DESCRIPCION": "NO SE DETECTO SEGUNDO SENSOR",
        "TOTAL": "2",
        "LED1": "ON",
        "LED2": "OFF",
        "LED3": "OFF"
    },
    {
        "ID": "18",
        "TIMESTAMP": "88880",
        "FECHA": "14/05/2025",
        "HORA": "00:01:28",
        "HORA_PC": "09:51:28",
        "EVENTO": "ENTRADA",
        "DESCRIPCION": "ENTRA PERSONA",
        "TOTAL": "3",
        "LED1": "ON",
        "LED2": "OFF",
        "LED3": "OFF"
    },
    {
        "ID": "19",
        "TIMESTAMP": "92985",
        "FECHA": "14/05/2025",
        "HORA": "00:01:32",
        "HORA_PC": "09:51:32",
        "EVENTO": "ENTRADA",
        "DESCRIPCION": "ENTRA PERSONA",
        "TOTAL": "4",
        "LED1": "ON",
        "LED2": "OFF",
        "LED3": "OFF"
    },
    {
        "ID": "20",
        "TIMESTAMP": "97090",
        "FECHA": "14/05/2025",
        "HORA": "00:01:37",
        "HORA_PC": "09:51:36",
        "EVENTO": "SALIDA",
        "DESCRIPCION": "SALE PERSONA",
        "TOTAL": "3",
        "LED1": "ON",
        "LED2": "ON",
        "LED3": "OFF"
    },
    {
        "ID": "21",
        "TIMESTAMP": "103192",
        "FECHA": "14/05/2025",
        "HORA": "00:01:43",
        "HORA_PC": "09:51:42",
        "EVENTO": "ERROR",
        "DESCRIPCION": "NO SE DETECTO SEGUNDO SENSOR",
        "TOTAL": "3",
        "LED1": "ON",
        "LED2": "OFF",
        "LED3": "OFF"
    },
    {
        "ID": "22",
        "TIMESTAMP": "115312",
        "FECHA": "14/05/2025",
        "HORA": "00:01:55",
        "HORA_PC": "09:51:54",
        "EVENTO": "ENTRADA",
        "DESCRIPCION": "ENTRA PERSONA",
        "TOTAL": "4",
        "LED1": "ON",
        "LED2": "OFF",
        "LED3": "OFF"
    },
    {
        "ID": "23",
        "TIMESTAMP": "119418",
        "FECHA": "14/05/2025",
        "HORA": "00:01:59",
        "HORA_PC": "09:51:58",
        "EVENTO": "ENTRADA",
        "DESCRIPCION": "ENTRA PERSONA",
        "TOTAL": "5",
        "LED1": "ON",
        "LED2": "ON",
        "LED3": "OFF"
    },
    {
        "ID": "24",
        "TIMESTAMP": "123524",
        "FECHA": "14/05/2025",
        "HORA": "00:02:03",
        "HORA_PC": "09:52:02",
        "EVENTO": "ENTRADA",
        "DESCRIPCION": "ENTRA PERSONA",
        "TOTAL": "6",
        "LED1": "ON",
        "LED2": "ON",
        "LED3": "OFF"
    }
]